map_key,map_name,algorithm,iteration,seed,agents,evacuated,survival_rate,clearance_time,deaths_fire,deaths_timeout,turns
mapa_1,Alta densidad y cuello de botella,BFS,1,20260927,14,14,1.00000000,36,0,0,36
mapa_1,Alta densidad y cuello de botella,UCS,1,20260927,14,14,1.00000000,36,0,0,36
mapa_1,Alta densidad y cuello de botella,A*,1,20260927,14,14,1.00000000,36,0,0,36
mapa_1,Alta densidad y cuello de botella,IDA*,1,20260927,14,14,1.00000000,36,0,0,36
mapa_1,Alta densidad y cuello de botella,GA,1,20260927,14,14,1.00000000,36,0,0,36
mapa_1,Alta densidad y cuello de botella,BFS,2,20260928,14,13,0.92857143,37,1,0,37
mapa_1,Alta densidad y cuello de botella,UCS,2,20260928,14,13,0.92857143,37,1,0,37
mapa_1,Alta densidad y cuello de botella,A*,2,20260928,14,13,0.92857143,37,1,0,37
mapa_1,Alta densidad y cuello de botella,IDA*,2,20260928,14,13,0.92857143,37,1,0,37
mapa_1,Alta densidad y cuello de botella,GA,2,20260928,14,13,0.92857143,37,1,0,37
mapa_1,Alta densidad y cuello de botella,BFS,3,20260929,14,14,1.00000000,37,0,0,37
mapa_1,Alta densidad y cuello de botella,UCS,3,20260929,14,14,1.00000000,37,0,0,37
mapa_1,Alta densidad y cuello de botella,A*,3,20260929,14,14,1.00000000,37,0,0,37
mapa_1,Alta densidad y cuello de botella,IDA*,3,20260929,14,14,1.00000000,37,0,0,37
mapa_1,Alta densidad y cuello de botella,GA,3,20260929,14,14,1.00000000,37,0,0,37
mapa_1,Alta densidad y cuello de botella,BFS,4,20260930,14,14,1.00000000,34,0,0,34
mapa_1,Alta densidad y cuello de botella,UCS,4,20260930,14,14,1.00000000,34,0,0,34
mapa_1,Alta densidad y cuello de botella,A*,4,20260930,14,14,1.00000000,34,0,0,34
mapa_1,Alta densidad y cuello de botella,IDA*,4,20260930,14,14,1.00000000,34,0,0,34
mapa_1,Alta densidad y cuello de botella,GA,4,20260930,14,14,1.00000000,35,0,0,35
mapa_1,Alta densidad y cuello de botella,BFS,5,20260931,14,13,0.92857143,39,1,0,39
mapa_1,Alta densidad y cuello de botella,UCS,5,20260931,14,13,0.92857143,39,1,0,39
mapa_1,Alta densidad y cuello de botella,A*,5,20260931,14,14,1.00000000,39,0,0,39
mapa_1,Alta densidad y cuello de botella,IDA*,5,20260931,14,13,0.92857143,39,1,0,39
mapa_1,Alta densidad y cuello de botella,GA,5,20260931,14,13,0.92857143,39,1,0,39
mapa_1,Alta densidad y cuello de botella,BFS,6,20260932,14,14,1.00000000,36,0,0,36
mapa_1,Alta densidad y cuello de botella,UCS,6,20260932,14,14,1.00000000,36,0,0,36
mapa_1,Alta densidad y cuello de botella,A*,6,20260932,14,14,1.00000000,36,0,0,36
mapa_1,Alta densidad y cuello de botella,IDA*,6,20260932,14,14,1.00000000,36,0,0,36
mapa_1,Alta densidad y cuello de botella,GA,6,20260932,14,14,1.00000000,36,0,0,36
mapa_1,Alta densidad y cuello de botella,BFS,7,20260933,14,12,0.85714286,38,2,0,38
mapa_1,Alta densidad y cuello de botella,UCS,7,20260933,14,12,0.85714286,38,2,0,38
mapa_1,Alta densidad y cuello de botella,A*,7,20260933,14,13,0.92857143,38,1,0,38
mapa_1,Alta densidad y cuello de botella,IDA*,7,20260933,14,12,0.85714286,38,2,0,38
mapa_1,Alta densidad y cuello de botella,GA,7,20260933,14,12,0.85714286,38,2,0,38
mapa_1,Alta densidad y cuello de botella,BFS,8,20260934,14,13,0.92857143,35,1,0,35
mapa_1,Alta densidad y cuello de botella,UCS,8,20260934,14,13,0.92857143,35,1,0,35
mapa_1,Alta densidad y cuello de botella,A*,8,20260934,14,13,0.92857143,35,1,0,35
mapa_1,Alta densidad y cuello de botella,IDA*,8,20260934,14,13,0.92857143,35,1,0,35
mapa_1,Alta densidad y cuello de botella,GA,8,20260934,14,13,0.92857143,35,1,0,35
mapa_1,Alta densidad y cuello de botella,BFS,9,20260935,14,10,0.71428571,28,4,0,28
mapa_1,Alta densidad y cuello de botella,UCS,9,20260935,14,11,0.78571429,31,3,0,31
mapa_1,Alta densidad y cuello de botella,A*,9,20260935,14,13,0.92857143,35,1,0,35
mapa_1,Alta densidad y cuello de botella,IDA*,9,20260935,14,11,0.78571429,31,3,0,31
mapa_1,Alta densidad y cuello de botella,GA,9,20260935,14,11,0.78571429,31,3,0,31
mapa_1,Alta densidad y cuello de botella,BFS,10,20260936,14,14,1.00000000,31,0,0,31
mapa_1,Alta densidad y cuello de botella,UCS,10,20260936,14,14,1.00000000,31,0,0,31
mapa_1,Alta densidad y cuello de botella,A*,10,20260936,14,14,1.00000000,31,0,0,31
mapa_1,Alta densidad y cuello de botella,IDA*,10,20260936,14,14,1.00000000,31,0,0,31
mapa_1,Alta densidad y cuello de botella,GA,10,20260936,14,14,1.00000000,31,0,0,31
mapa_1,Alta densidad y cuello de botella,BFS,11,20260937,14,14,1.00000000,38,0,0,38
mapa_1,Alta densidad y cuello de botella,UCS,11,20260937,14,14,1.00000000,38,0,0,38
mapa_1,Alta densidad y cuello de botella,A*,11,20260937,14,14,1.00000000,38,0,0,38
mapa_1,Alta densidad y cuello de botella,IDA*,11,20260937,14,14,1.00000000,38,0,0,38
mapa_1,Alta densidad y cuello de botella,GA,11,20260937,14,14,1.00000000,38,0,0,38
mapa_1,Alta densidad y cuello de botella,BFS,12,20260938,14,14,1.00000000,38,0,0,38
mapa_1,Alta densidad y cuello de botella,UCS,12,20260938,14,14,1.00000000,38,0,0,38
mapa_1,Alta densidad y cuello de botella,A*,12,20260938,14,14,1.00000000,38,0,0,38
mapa_1,Alta densidad y cuello de botella,IDA*,12,20260938,14,14,1.00000000,38,0,0,38
mapa_1,Alta densidad y cuello de botella,GA,12,20260938,14,14,1.00000000,38,0,0,38
mapa_1,Alta densidad y cuello de botella,BFS,13,20260939,14,13,0.92857143,30,1,0,30
mapa_1,Alta densidad y cuello de botella,UCS,13,20260939,14,13,0.92857143,30,1,0,30
mapa_1,Alta densidad y cuello de botella,A*,13,20260939,14,13,0.92857143,30,1,0,30
mapa_1,Alta densidad y cuello de botella,IDA*,13,20260939,14,13,0.92857143,30,1,0,30
mapa_1,Alta densidad y cuello de botella,GA,13,20260939,14,13,0.92857143,30,1,0,30
mapa_1,Alta densidad y cuello de botella,BFS,14,20260940,14,14,1.00000000,35,0,0,35
mapa_1,Alta densidad y cuello de botella,UCS,14,20260940,14,14,1.00000000,35,0,0,35
mapa_1,Alta densidad y cuello de botella,A*,14,20260940,14,14,1.00000000,35,0,0,35
mapa_1,Alta densidad y cuello de botella,IDA*,14,20260940,14,14,1.00000000,35,0,0,35
mapa_1,Alta densidad y cuello de botella,GA,14,20260940,14,14,1.00000000,35,0,0,35
mapa_1,Alta densidad y cuello de botella,BFS,15,20260941,14,13,0.92857143,35,1,0,35
mapa_1,Alta densidad y cuello de botella,UCS,15,20260941,14,13,0.92857143,35,1,0,35
mapa_1,Alta densidad y cuello de botella,A*,15,20260941,14,13,0.92857143,35,1,0,35
mapa_1,Alta densidad y cuello de botella,IDA*,15,20260941,14,13,0.92857143,35,1,0,35
mapa_1,Alta densidad y cuello de botella,GA,15,20260941,14,13,0.92857143,35,1,0,35
mapa_1,Alta densidad y cuello de botella,BFS,16,20260942,14,14,1.00000000,33,0,0,33
mapa_1,Alta densidad y cuello de botella,UCS,16,20260942,14,14,1.00000000,33,0,0,33
mapa_1,Alta densidad y cuello de botella,A*,16,20260942,14,14,1.00000000,33,0,0,33
mapa_1,Alta densidad y cuello de botella,IDA*,16,20260942,14,14,1.00000000,33,0,0,33
mapa_1,Alta densidad y cuello de botella,GA,16,20260942,14,14,1.00000000,33,0,0,33
mapa_1,Alta densidad y cuello de botella,BFS,17,20260943,14,13,0.92857143,35,1,0,35
mapa_1,Alta densidad y cuello de botella,UCS,17,20260943,14,13,0.92857143,35,1,0,35
mapa_1,Alta densidad y cuello de botella,A*,17,20260943,14,14,1.00000000,35,0,0,35
mapa_1,Alta densidad y cuello de botella,IDA*,17,20260943,14,13,0.92857143,35,1,0,35
mapa_1,Alta densidad y cuello de botella,GA,17,20260943,14,13,0.92857143,35,1,0,35
mapa_1,Alta densidad y cuello de botella,BFS,18,20260944,14,14,1.00000000,32,0,0,32
mapa_1,Alta densidad y cuello de botella,UCS,18,20260944,14,14,1.00000000,32,0,0,32
mapa_1,Alta densidad y cuello de botella,A*,18,20260944,14,14,1.00000000,32,0,0,32
mapa_1,Alta densidad y cuello de botella,IDA*,18,20260944,14,14,1.00000000,32,0,0,32
mapa_1,Alta densidad y cuello de botella,GA,18,20260944,14,14,1.00000000,32,0,0,32
mapa_1,Alta densidad y cuello de botella,BFS,19,20260945,14,14,1.00000000,29,0,0,29
mapa_1,Alta densidad y cuello de botella,UCS,19,20260945,14,14,1.00000000,29,0,0,29
mapa_1,Alta densidad y cuello de botella,A*,19,20260945,14,14,1.00000000,29,0,0,29
mapa_1,Alta densidad y cuello de botella,IDA*,19,20260945,14,14,1.00000000,29,0,0,29
mapa_1,Alta densidad y cuello de botella,GA,19,20260945,14,14,1.00000000,29,0,0,29
mapa_1,Alta densidad y cuello de botella,BFS,20,20260946,14,14,1.00000000,35,0,0,35
mapa_1,Alta densidad y cuello de botella,UCS,20,20260946,14,14,1.00000000,35,0,0,35
mapa_1,Alta densidad y cuello de botella,A*,20,20260946,14,14,1.00000000,35,0,0,35
mapa_1,Alta densidad y cuello de botella,IDA*,20,20260946,14,14,1.00000000,35,0,0,35
mapa_1,Alta densidad y cuello de botella,GA,20,20260946,14,14,1.00000000,35,0,0,35
mapa_1,Alta densidad y cuello de botella,BFS,21,20260947,14,14,1.00000000,37,0,0,37
mapa_1,Alta densidad y cuello de botella,UCS,21,20260947,14,14,1.00000000,37,0,0,37
mapa_1,Alta densidad y cuello de botella,A*,21,20260947,14,14,1.00000000,37,0,0,37
mapa_1,Alta densidad y cuello de botella,IDA*,21,20260947,14,14,1.00000000,37,0,0,37
mapa_1,Alta densidad y cuello de botella,GA,21,20260947,14,14,1.00000000,37,0,0,37
mapa_1,Alta densidad y cuello de botella,BFS,22,20260948,14,14,1.00000000,31,0,0,31
mapa_1,Alta densidad y cuello de botella,UCS,22,20260948,14,14,1.00000000,31,0,0,31
mapa_1,Alta densidad y cuello de botella,A*,22,20260948,14,14,1.00000000,31,0,0,31
mapa_1,Alta densidad y cuello de botella,IDA*,22,20260948,14,14,1.00000000,31,0,0,31
mapa_1,Alta densidad y cuello de botella,GA,22,20260948,14,14,1.00000000,31,0,0,31
mapa_1,Alta densidad y cuello de botella,BFS,23,20260949,14,14,1.00000000,36,0,0,36
mapa_1,Alta densidad y cuello de botella,UCS,23,20260949,14,14,1.00000000,36,0,0,36
mapa_1,Alta densidad y cuello de botella,A*,23,20260949,14,14,1.00000000,36,0,0,36
mapa_1,Alta densidad y cuello de botella,IDA*,23,20260949,14,14,1.00000000,36,0,0,36
mapa_1,Alta densidad y cuello de botella,GA,23,20260949,14,14,1.00000000,36,0,0,36
mapa_1,Alta densidad y cuello de botella,BFS,24,20260950,14,14,1.00000000,33,0,0,33
mapa_1,Alta densidad y cuello de botella,UCS,24,20260950,14,14,1.00000000,33,0,0,33
mapa_1,Alta densidad y cuello de botella,A*,24,20260950,14,14,1.00000000,33,0,0,33
mapa_1,Alta densidad y cuello de botella,IDA*,24,20260950,14,14,1.00000000,33,0,0,33
mapa_1,Alta densidad y cuello de botella,GA,24,20260950,14,14,1.00000000,33,0,0,33
mapa_1,Alta densidad y cuello de botella,BFS,25,20260951,14,13,0.92857143,38,1,0,38
mapa_1,Alta densidad y cuello de botella,UCS,25,20260951,14,14,1.00000000,39,0,0,39
mapa_1,Alta densidad y cuello de botella,A*,25,20260951,14,14,1.00000000,39,0,0,39
mapa_1,Alta densidad y cuello de botella,IDA*,25,20260951,14,14,1.00000000,39,0,0,39
mapa_1,Alta densidad y cuello de botella,GA,25,20260951,14,14,1.00000000,39,0,0,39
mapa_1,Alta densidad y cuello de botella,BFS,26,20260952,14,14,1.00000000,33,0,0,33
mapa_1,Alta densidad y cuello de botella,UCS,26,20260952,14,14,1.00000000,33,0,0,33
mapa_1,Alta densidad y cuello de botella,A*,26,20260952,14,14,1.00000000,33,0,0,33
mapa_1,Alta densidad y cuello de botella,IDA*,26,20260952,14,14,1.00000000,33,0,0,33
mapa_1,Alta densidad y cuello de botella,GA,26,20260952,14,14,1.00000000,33,0,0,33
mapa_1,Alta densidad y cuello de botella,BFS,27,20260953,14,14,1.00000000,33,0,0,33
mapa_1,Alta densidad y cuello de botella,UCS,27,20260953,14,14,1.00000000,33,0,0,33
mapa_1,Alta densidad y cuello de botella,A*,27,20260953,14,14,1.00000000,33,0,0,33
mapa_1,Alta densidad y cuello de botella,IDA*,27,20260953,14,14,1.00000000,33,0,0,33
mapa_1,Alta densidad y cuello de botella,GA,27,20260953,14,14,1.00000000,33,0,0,33
mapa_1,Alta densidad y cuello de botella,BFS,28,20260954,14,14,1.00000000,36,0,0,36
mapa_1,Alta densidad y cuello de botella,UCS,28,20260954,14,14,1.00000000,36,0,0,36
mapa_1,Alta densidad y cuello de botella,A*,28,20260954,14,14,1.00000000,36,0,0,36
mapa_1,Alta densidad y cuello de botella,IDA*,28,20260954,14,14,1.00000000,36,0,0,36
mapa_1,Alta densidad y cuello de botella,GA,28,20260954,14,14,1.00000000,36,0,0,36
mapa_1,Alta densidad y cuello de botella,BFS,29,20260955,14,12,0.85714286,31,2,0,31
mapa_1,Alta densidad y cuello de botella,UCS,29,20260955,14,12,0.85714286,31,2,0,31
mapa_1,Alta densidad y cuello de botella,A*,29,20260955,14,12,0.85714286,31,2,0,31
mapa_1,Alta densidad y cuello de botella,IDA*,29,20260955,14,12,0.85714286,31,2,0,31
mapa_1,Alta densidad y cuello de botella,GA,29,20260955,14,12,0.85714286,31,2,0,31
mapa_1,Alta densidad y cuello de botella,BFS,30,20260956,14,14,1.00000000,32,0,0,32
mapa_1,Alta densidad y cuello de botella,UCS,30,20260956,14,14,1.00000000,32,0,0,32
mapa_1,Alta densidad y cuello de botella,A*,30,20260956,14,14,1.00000000,32,0,0,32
mapa_1,Alta densidad y cuello de botella,IDA*,30,20260956,14,14,1.00000000,32,0,0,32
mapa_1,Alta densidad y cuello de botella,GA,30,20260956,14,14,1.00000000,32,0,0,32
mapa_1,Alta densidad y cuello de botella,BFS,31,20260957,14,13,0.92857143,27,1,0,27
mapa_1,Alta densidad y cuello de botella,UCS,31,20260957,14,13,0.92857143,27,1,0,27
mapa_1,Alta densidad y cuello de botella,A*,31,20260957,14,13,0.92857143,27,1,0,27
mapa_1,Alta densidad y cuello de botella,IDA*,31,20260957,14,13,0.92857143,27,1,0,27
mapa_1,Alta densidad y cuello de botella,GA,31,20260957,14,13,0.92857143,29,1,0,29
mapa_1,Alta densidad y cuello de botella,BFS,32,20260958,14,14,1.00000000,31,0,0,31
mapa_1,Alta densidad y cuello de botella,UCS,32,20260958,14,14,1.00000000,31,0,0,31
mapa_1,Alta densidad y cuello de botella,A*,32,20260958,14,14,1.00000000,31,0,0,31
mapa_1,Alta densidad y cuello de botella,IDA*,32,20260958,14,14,1.00000000,31,0,0,31
mapa_1,Alta densidad y cuello de botella,GA,32,20260958,14,14,1.00000000,31,0,0,31
mapa_1,Alta densidad y cuello de botella,BFS,33,20260959,14,14,1.00000000,33,0,0,33
mapa_1,Alta densidad y cuello de botella,UCS,33,20260959,14,14,1.00000000,33,0,0,33
mapa_1,Alta densidad y cuello de botella,A*,33,20260959,14,14,1.00000000,33,0,0,33
mapa_1,Alta densidad y cuello de botella,IDA*,33,20260959,14,14,1.00000000,33,0,0,33
mapa_1,Alta densidad y cuello de botella,GA,33,20260959,14,14,1.00000000,33,0,0,33
mapa_1,Alta densidad y cuello de botella,BFS,34,20260960,14,14,1.00000000,35,0,0,35
mapa_1,Alta densidad y cuello de botella,UCS,34,20260960,14,14,1.00000000,35,0,0,35
mapa_1,Alta densidad y cuello de botella,A*,34,20260960,14,14,1.00000000,35,0,0,35
mapa_1,Alta densidad y cuello de botella,IDA*,34,20260960,14,14,1.00000000,35,0,0,35
mapa_1,Alta densidad y cuello de botella,GA,34,20260960,14,14,1.00000000,35,0,0,35
mapa_1,Alta densidad y cuello de botella,BFS,35,20260961,14,14,1.00000000,31,0,0,31
mapa_1,Alta densidad y cuello de botella,UCS,35,20260961,14,14,1.00000000,31,0,0,31
mapa_1,Alta densidad y cuello de botella,A*,35,20260961,14,14,1.00000000,31,0,0,31
mapa_1,Alta densidad y cuello de botella,IDA*,35,20260961,14,14,1.00000000,31,0,0,31
mapa_1,Alta densidad y cuello de botella,GA,35,20260961,14,14,1.00000000,31,0,0,31
mapa_1,Alta densidad y cuello de botella,BFS,36,20260962,14,13,0.92857143,32,1,0,32
mapa_1,Alta densidad y cuello de botella,UCS,36,20260962,14,13,0.92857143,32,1,0,32
mapa_1,Alta densidad y cuello de botella,A*,36,20260962,14,14,1.00000000,32,0,0,32
mapa_1,Alta densidad y cuello de botella,IDA*,36,20260962,14,13,0.92857143,32,1,0,32
mapa_1,Alta densidad y cuello de botella,GA,36,20260962,14,13,0.92857143,32,1,0,32
mapa_1,Alta densidad y cuello de botella,BFS,37,20260963,14,14,1.00000000,38,0,0,38
mapa_1,Alta densidad y cuello de botella,UCS,37,20260963,14,14,1.00000000,38,0,0,38
mapa_1,Alta densidad y cuello de botella,A*,37,20260963,14,14,1.00000000,38,0,0,38
mapa_1,Alta densidad y cuello de botella,IDA*,37,20260963,14,14,1.00000000,38,0,0,38
mapa_1,Alta densidad y cuello de botella,GA,37,20260963,14,14,1.00000000,38,0,0,38
mapa_1,Alta densidad y cuello de botella,BFS,38,20260964,14,13,0.92857143,32,1,0,32
mapa_1,Alta densidad y cuello de botella,UCS,38,20260964,14,13,0.92857143,32,1,0,32
mapa_1,Alta densidad y cuello de botella,A*,38,20260964,14,13,0.92857143,32,1,0,32
mapa_1,Alta densidad y cuello de botella,IDA*,38,20260964,14,13,0.92857143,32,1,0,32
mapa_1,Alta densidad y cuello de botella,GA,38,20260964,14,12,0.85714286,32,2,0,32
mapa_1,Alta densidad y cuello de botella,BFS,39,20260965,14,12,0.85714286,30,2,0,30
mapa_1,Alta densidad y cuello de botella,UCS,39,20260965,14,12,0.85714286,30,2,0,30
mapa_1,Alta densidad y cuello de botella,A*,39,20260965,14,12,0.85714286,30,2,0,30
mapa_1,Alta densidad y cuello de botella,IDA*,39,20260965,14,12,0.85714286,30,2,0,30
mapa_1,Alta densidad y cuello de botella,GA,39,20260965,14,12,0.85714286,30,2,0,30
mapa_1,Alta densidad y cuello de botella,BFS,40,20260966,14,14,1.00000000,35,0,0,35
mapa_1,Alta densidad y cuello de botella,UCS,40,20260966,14,14,1.00000000,35,0,0,35
mapa_1,Alta densidad y cuello de botella,A*,40,20260966,14,14,1.00000000,35,0,0,35
mapa_1,Alta densidad y cuello de botella,IDA*,40,20260966,14,14,1.00000000,35,0,0,35
mapa_1,Alta densidad y cuello de botella,GA,40,20260966,14,14,1.00000000,35,0,0,35
mapa_1,Alta densidad y cuello de botella,BFS,41,20260967,14,13,0.92857143,33,1,0,33
mapa_1,Alta densidad y cuello de botella,UCS,41,20260967,14,13,0.92857143,33,1,0,33
mapa_1,Alta densidad y cuello de botella,A*,41,20260967,14,13,0.92857143,33,1,0,33
mapa_1,Alta densidad y cuello de botella,IDA*,41,20260967,14,13,0.92857143,33,1,0,33
mapa_1,Alta densidad y cuello de botella,GA,41,20260967,14,13,0.92857143,33,1,0,33
mapa_1,Alta densidad y cuello de botella,BFS,42,20260968,14,12,0.85714286,20,2,0,20
mapa_1,Alta densidad y cuello de botella,UCS,42,20260968,14,12,0.85714286,20,2,0,20
mapa_1,Alta densidad y cuello de botella,A*,42,20260968,14,12,0.85714286,20,2,0,20
mapa_1,Alta densidad y cuello de botella,IDA*,42,20260968,14,12,0.85714286,20,2,0,20
mapa_1,Alta densidad y cuello de botella,GA,42,20260968,14,12,0.85714286,20,2,0,20
mapa_1,Alta densidad y cuello de botella,BFS,43,20260969,14,12,0.85714286,31,2,0,31
mapa_1,Alta densidad y cuello de botella,UCS,43,20260969,14,12,0.85714286,31,2,0,31
mapa_1,Alta densidad y cuello de botella,A*,43,20260969,14,12,0.85714286,31,2,0,36
mapa_1,Alta densidad y cuello de botella,IDA*,43,20260969,14,12,0.85714286,31,2,0,31
mapa_1,Alta densidad y cuello de botella,GA,43,20260969,14,12,0.85714286,31,2,0,31
mapa_1,Alta densidad y cuello de botella,BFS,44,20260970,14,13,0.92857143,29,1,0,30
mapa_1,Alta densidad y cuello de botella,UCS,44,20260970,14,13,0.92857143,29,1,0,30
mapa_1,Alta densidad y cuello de botella,A*,44,20260970,14,13,0.92857143,29,1,0,30
mapa_1,Alta densidad y cuello de botella,IDA*,44,20260970,14,13,0.92857143,29,1,0,30
mapa_1,Alta densidad y cuello de botella,GA,44,20260970,14,13,0.92857143,29,1,0,30
mapa_1,Alta densidad y cuello de botella,BFS,45,20260971,14,14,1.00000000,37,0,0,37
mapa_1,Alta densidad y cuello de botella,UCS,45,20260971,14,14,1.00000000,37,0,0,37
mapa_1,Alta densidad y cuello de botella,A*,45,20260971,14,14,1.00000000,37,0,0,37
mapa_1,Alta densidad y cuello de botella,IDA*,45,20260971,14,14,1.00000000,37,0,0,37
mapa_1,Alta densidad y cuello de botella,GA,45,20260971,14,14,1.00000000,37,0,0,37
mapa_1,Alta densidad y cuello de botella,BFS,46,20260972,14,13,0.92857143,37,1,0,37
mapa_1,Alta densidad y cuello de botella,UCS,46,20260972,14,14,1.00000000,39,0,0,39
mapa_1,Alta densidad y cuello de botella,A*,46,20260972,14,14,1.00000000,39,0,0,39
mapa_1,Alta densidad y cuello de botella,IDA*,46,20260972,14,14,1.00000000,39,0,0,39
mapa_1,Alta densidad y cuello de botella,GA,46,20260972,14,14,1.00000000,39,0,0,39
mapa_1,Alta densidad y cuello de botella,BFS,47,20260973,14,11,0.78571429,31,3,0,31
mapa_1,Alta densidad y cuello de botella,UCS,47,20260973,14,11,0.78571429,31,3,0,31
mapa_1,Alta densidad y cuello de botella,A*,47,20260973,14,11,0.78571429,31,3,0,31
mapa_1,Alta densidad y cuello de botella,IDA*,47,20260973,14,11,0.78571429,31,3,0,31
mapa_1,Alta densidad y cuello de botella,GA,47,20260973,14,11,0.78571429,31,3,0,31
mapa_1,Alta densidad y cuello de botella,BFS,48,20260974,14,13,0.92857143,25,1,0,25
mapa_1,Alta densidad y cuello de botella,UCS,48,20260974,14,13,0.92857143,25,1,0,25
mapa_1,Alta densidad y cuello de botella,A*,48,20260974,14,13,0.92857143,25,1,0,25
mapa_1,Alta densidad y cuello de botella,IDA*,48,20260974,14,13,0.92857143,25,1,0,25
mapa_1,Alta densidad y cuello de botella,GA,48,20260974,14,13,0.92857143,25,1,0,25
mapa_1,Alta densidad y cuello de botella,BFS,49,20260975,14,13,0.92857143,38,1,0,38
mapa_1,Alta densidad y cuello de botella,UCS,49,20260975,14,13,0.92857143,38,1,0,38
mapa_1,Alta densidad y cuello de botella,A*,49,20260975,14,13,0.92857143,38,1,0,38
mapa_1,Alta densidad y cuello de botella,IDA*,49,20260975,14,13,0.92857143,38,1,0,38
mapa_1,Alta densidad y cuello de botella,GA,49,20260975,14,13,0.92857143,38,1,0,38
mapa_1,Alta densidad y cuello de botella,BFS,50,20260976,14,14,1.00000000,37,0,0,37
mapa_1,Alta densidad y cuello de botella,UCS,50,20260976,14,14,1.00000000,37,0,0,37
mapa_1,Alta densidad y cuello de botella,A*,50,20260976,14,14,1.00000000,37,0,0,37
mapa_1,Alta densidad y cuello de botella,IDA*,50,20260976,14,14,1.00000000,37,0,0,37
mapa_1,Alta densidad y cuello de botella,GA,50,20260976,14,14,1.00000000,37,0,0,37
mapa_1,Alta densidad y cuello de botella,BFS,51,20260977,14,14,1.00000000,37,0,0,37
mapa_1,Alta densidad y cuello de botella,UCS,51,20260977,14,14,1.00000000,37,0,0,37
mapa_1,Alta densidad y cuello de botella,A*,51,20260977,14,14,1.00000000,37,0,0,37
mapa_1,Alta densidad y cuello de botella,IDA*,51,20260977,14,14,1.00000000,37,0,0,37
mapa_1,Alta densidad y cuello de botella,GA,51,20260977,14,14,1.00000000,37,0,0,37
mapa_1,Alta densidad y cuello de botella,BFS,52,20260978,14,14,1.00000000,33,0,0,33
mapa_1,Alta densidad y cuello de botella,UCS,52,20260978,14,14,1.00000000,33,0,0,33
mapa_1,Alta densidad y cuello de botella,A*,52,20260978,14,14,1.00000000,33,0,0,33
mapa_1,Alta densidad y cuello de botella,IDA*,52,20260978,14,14,1.00000000,33,0,0,33
mapa_1,Alta densidad y cuello de botella,GA,52,20260978,14,14,1.00000000,35,0,0,35
mapa_1,Alta densidad y cuello de botella,BFS,53,20260979,14,12,0.85714286,30,2,0,30
mapa_1,Alta densidad y cuello de botella,UCS,53,20260979,14,12,0.85714286,30,2,0,30
mapa_1,Alta densidad y cuello de botella,A*,53,20260979,14,12,0.85714286,30,2,0,30
mapa_1,Alta densidad y cuello de botella,IDA*,53,20260979,14,12,0.85714286,30,2,0,30
mapa_1,Alta densidad y cuello de botella,GA,53,20260979,14,12,0.85714286,30,2,0,30
mapa_1,Alta densidad y cuello de botella,BFS,54,20260980,14,14,1.00000000,33,0,0,33
mapa_1,Alta densidad y cuello de botella,UCS,54,20260980,14,14,1.00000000,33,0,0,33
mapa_1,Alta densidad y cuello de botella,A*,54,20260980,14,14,1.00000000,33,0,0,33
mapa_1,Alta densidad y cuello de botella,IDA*,54,20260980,14,14,1.00000000,33,0,0,33
mapa_1,Alta densidad y cuello de botella,GA,54,20260980,14,14,1.00000000,33,0,0,33
mapa_1,Alta densidad y cuello de botella,BFS,55,20260981,14,13,0.92857143,35,1,0,35
mapa_1,Alta densidad y cuello de botella,UCS,55,20260981,14,13,0.92857143,35,1,0,35
mapa_1,Alta densidad y cuello de botella,A*,55,20260981,14,14,1.00000000,35,0,0,35
mapa_1,Alta densidad y cuello de botella,IDA*,55,20260981,14,13,0.92857143,35,1,0,35
mapa_1,Alta densidad y cuello de botella,GA,55,20260981,14,13,0.92857143,35,1,0,35
mapa_1,Alta densidad y cuello de botella,BFS,56,20260982,14,14,1.00000000,32,0,0,32
mapa_1,Alta densidad y cuello de botella,UCS,56,20260982,14,14,1.00000000,32,0,0,32
mapa_1,Alta densidad y cuello de botella,A*,56,20260982,14,14,1.00000000,32,0,0,32
mapa_1,Alta densidad y cuello de botella,IDA*,56,20260982,14,14,1.00000000,32,0,0,32
mapa_1,Alta densidad y cuello de botella,GA,56,20260982,14,14,1.00000000,32,0,0,32
mapa_1,Alta densidad y cuello de botella,BFS,57,20260983,14,14,1.00000000,31,0,0,31
mapa_1,Alta densidad y cuello de botella,UCS,57,20260983,14,14,1.00000000,31,0,0,31
mapa_1,Alta densidad y cuello de botella,A*,57,20260983,14,14,1.00000000,31,0,0,31
mapa_1,Alta densidad y cuello de botella,IDA*,57,20260983,14,14,1.00000000,31,0,0,31
mapa_1,Alta densidad y cuello de botella,GA,57,20260983,14,14,1.00000000,31,0,0,31
mapa_1,Alta densidad y cuello de botella,BFS,58,20260984,14,14,1.00000000,38,0,0,38
mapa_1,Alta densidad y cuello de botella,UCS,58,20260984,14,14,1.00000000,38,0,0,38
mapa_1,Alta densidad y cuello de botella,A*,58,20260984,14,14,1.00000000,38,0,0,38
mapa_1,Alta densidad y cuello de botella,IDA*,58,20260984,14,14,1.00000000,38,0,0,38
mapa_1,Alta densidad y cuello de botella,GA,58,20260984,14,14,1.00000000,38,0,0,38
mapa_1,Alta densidad y cuello de botella,BFS,59,20260985,14,13,0.92857143,30,1,0,30
mapa_1,Alta densidad y cuello de botella,UCS,59,20260985,14,13,0.92857143,30,1,0,30
mapa_1,Alta densidad y cuello de botella,A*,59,20260985,14,13,0.92857143,30,1,0,30
mapa_1,Alta densidad y cuello de botella,IDA*,59,20260985,14,13,0.92857143,30,1,0,30
mapa_1,Alta densidad y cuello de botella,GA,59,20260985,14,13,0.92857143,30,1,0,30
mapa_1,Alta densidad y cuello de botella,BFS,60,20260986,14,12,0.85714286,25,2,0,25
mapa_1,Alta densidad y cuello de botella,UCS,60,20260986,14,12,0.85714286,25,2,0,25
mapa_1,Alta densidad y cuello de botella,A*,60,20260986,14,12,0.85714286,25,2,0,25
mapa_1,Alta densidad y cuello de botella,IDA*,60,20260986,14,12,0.85714286,25,2,0,25
mapa_1,Alta densidad y cuello de botella,GA,60,20260986,14,12,0.85714286,25,2,0,25
mapa_1,Alta densidad y cuello de botella,BFS,61,20260987,14,13,0.92857143,35,1,0,35
mapa_1,Alta densidad y cuello de botella,UCS,61,20260987,14,13,0.92857143,35,1,0,35
mapa_1,Alta densidad y cuello de botella,A*,61,20260987,14,13,0.92857143,35,1,0,35
mapa_1,Alta densidad y cuello de botella,IDA*,61,20260987,14,13,0.92857143,35,1,0,35
mapa_1,Alta densidad y cuello de botella,GA,61,20260987,14,13,0.92857143,35,1,0,35
mapa_1,Alta densidad y cuello de botella,BFS,62,20260988,14,13,0.92857143,29,1,0,29
mapa_1,Alta densidad y cuello de botella,UCS,62,20260988,14,13,0.92857143,29,1,0,29
mapa_1,Alta densidad y cuello de botella,A*,62,20260988,14,14,1.00000000,37,0,0,37
mapa_1,Alta densidad y cuello de botella,IDA*,62,20260988,14,13,0.92857143,29,1,0,29
mapa_1,Alta densidad y cuello de botella,GA,62,20260988,14,13,0.92857143,29,1,0,29
mapa_1,Alta densidad y cuello de botella,BFS,63,20260989,14,14,1.00000000,38,0,0,38
mapa_1,Alta densidad y cuello de botella,UCS,63,20260989,14,14,1.00000000,38,0,0,38
mapa_1,Alta densidad y cuello de botella,A*,63,20260989,14,14,1.00000000,38,0,0,38
mapa_1,Alta densidad y cuello de botella,IDA*,63,20260989,14,14,1.00000000,38,0,0,38
mapa_1,Alta densidad y cuello de botella,GA,63,20260989,14,14,1.00000000,38,0,0,38
mapa_1,Alta densidad y cuello de botella,BFS,64,20260990,14,14,1.00000000,36,0,0,36
mapa_1,Alta densidad y cuello de botella,UCS,64,20260990,14,14,1.00000000,36,0,0,36
mapa_1,Alta densidad y cuello de botella,A*,64,20260990,14,14,1.00000000,36,0,0,36
mapa_1,Alta densidad y cuello de botella,IDA*,64,20260990,14,14,1.00000000,36,0,0,36
mapa_1,Alta densidad y cuello de botella,GA,64,20260990,14,14,1.00000000,38,0,0,38
mapa_1,Alta densidad y cuello de botella,BFS,65,20260991,14,14,1.00000000,38,0,0,38
mapa_1,Alta densidad y cuello de botella,UCS,65,20260991,14,14,1.00000000,38,0,0,38
mapa_1,Alta densidad y cuello de botella,A*,65,20260991,14,14,1.00000000,38,0,0,38
mapa_1,Alta densidad y cuello de botella,IDA*,65,20260991,14,14,1.00000000,38,0,0,38
mapa_1,Alta densidad y cuello de botella,GA,65,20260991,14,14,1.00000000,38,0,0,38
mapa_1,Alta densidad y cuello de botella,BFS,66,20260992,14,14,1.00000000,37,0,0,37
mapa_1,Alta densidad y cuello de botella,UCS,66,20260992,14,14,1.00000000,37,0,0,37
mapa_1,Alta densidad y cuello de botella,A*,66,20260992,14,14,1.00000000,37,0,0,37
mapa_1,Alta densidad y cuello de botella,IDA*,66,20260992,14,14,1.00000000,37,0,0,37
mapa_1,Alta densidad y cuello de botella,GA,66,20260992,14,14,1.00000000,37,0,0,37
mapa_1,Alta densidad y cuello de botella,BFS,67,20260993,14,14,1.00000000,31,0,0,31
mapa_1,Alta densidad y cuello de botella,UCS,67,20260993,14,14,1.00000000,31,0,0,31
mapa_1,Alta densidad y cuello de botella,A*,67,20260993,14,14,1.00000000,31,0,0,31
mapa_1,Alta densidad y cuello de botella,IDA*,67,20260993,14,14,1.00000000,31,0,0,31
mapa_1,Alta densidad y cuello de botella,GA,67,20260993,14,14,1.00000000,31,0,0,31
mapa_1,Alta densidad y cuello de botella,BFS,68,20260994,14,14,1.00000000,36,0,0,36
mapa_1,Alta densidad y cuello de botella,UCS,68,20260994,14,14,1.00000000,36,0,0,36
mapa_1,Alta densidad y cuello de botella,A*,68,20260994,14,14,1.00000000,36,0,0,36
mapa_1,Alta densidad y cuello de botella,IDA*,68,20260994,14,14,1.00000000,36,0,0,36
mapa_1,Alta densidad y cuello de botella,GA,68,20260994,14,14,1.00000000,36,0,0,36
mapa_1,Alta densidad y cuello de botella,BFS,69,20260995,14,14,1.00000000,35,0,0,35
mapa_1,Alta densidad y cuello de botella,UCS,69,20260995,14,14,1.00000000,35,0,0,35
mapa_1,Alta densidad y cuello de botella,A*,69,20260995,14,14,1.00000000,35,0,0,35
mapa_1,Alta densidad y cuello de botella,IDA*,69,20260995,14,14,1.00000000,35,0,0,35
mapa_1,Alta densidad y cuello de botella,GA,69,20260995,14,14,1.00000000,35,0,0,35
mapa_1,Alta densidad y cuello de botella,BFS,70,20260996,14,14,1.00000000,36,0,0,36
mapa_1,Alta densidad y cuello de botella,UCS,70,20260996,14,14,1.00000000,36,0,0,36
mapa_1,Alta densidad y cuello de botella,A*,70,20260996,14,14,1.00000000,36,0,0,36
mapa_1,Alta densidad y cuello de botella,IDA*,70,20260996,14,14,1.00000000,36,0,0,36
mapa_1,Alta densidad y cuello de botella,GA,70,20260996,14,14,1.00000000,36,0,0,36
mapa_1,Alta densidad y cuello de botella,BFS,71,20260997,14,14,1.00000000,32,0,0,32
mapa_1,Alta densidad y cuello de botella,UCS,71,20260997,14,14,1.00000000,32,0,0,32
mapa_1,Alta densidad y cuello de botella,A*,71,20260997,14,14,1.00000000,32,0,0,32
mapa_1,Alta densidad y cuello de botella,IDA*,71,20260997,14,14,1.00000000,32,0,0,32
mapa_1,Alta densidad y cuello de botella,GA,71,20260997,14,14,1.00000000,32,0,0,32
mapa_1,Alta densidad y cuello de botella,BFS,72,20260998,14,14,1.00000000,36,0,0,36
mapa_1,Alta densidad y cuello de botella,UCS,72,20260998,14,14,1.00000000,36,0,0,36
mapa_1,Alta densidad y cuello de botella,A*,72,20260998,14,14,1.00000000,36,0,0,36
mapa_1,Alta densidad y cuello de botella,IDA*,72,20260998,14,14,1.00000000,36,0,0,36
mapa_1,Alta densidad y cuello de botella,GA,72,20260998,14,14,1.00000000,36,0,0,36
mapa_1,Alta densidad y cuello de botella,BFS,73,20260999,14,14,1.00000000,30,0,0,30
mapa_1,Alta densidad y cuello de botella,UCS,73,20260999,14,14,1.00000000,30,0,0,30
mapa_1,Alta densidad y cuello de botella,A*,73,20260999,14,14,1.00000000,30,0,0,30
mapa_1,Alta densidad y cuello de botella,IDA*,73,20260999,14,14,1.00000000,30,0,0,30
mapa_1,Alta densidad y cuello de botella,GA,73,20260999,14,14,1.00000000,30,0,0,30
mapa_1,Alta densidad y cuello de botella,BFS,74,20261000,14,14,1.00000000,35,0,0,35
mapa_1,Alta densidad y cuello de botella,UCS,74,20261000,14,14,1.00000000,35,0,0,35
mapa_1,Alta densidad y cuello de botella,A*,74,20261000,14,14,1.00000000,35,0,0,35
mapa_1,Alta densidad y cuello de botella,IDA*,74,20261000,14,14,1.00000000,35,0,0,35
mapa_1,Alta densidad y cuello de botella,GA,74,20261000,14,14,1.00000000,35,0,0,35
mapa_1,Alta densidad y cuello de botella,BFS,75,20261001,14,11,0.78571429,27,3,0,30
mapa_1,Alta densidad y cuello de botella,UCS,75,20261001,14,11,0.78571429,27,3,0,30
mapa_1,Alta densidad y cuello de botella,A*,75,20261001,14,11,0.78571429,27,3,0,39
mapa_1,Alta densidad y cuello de botella,IDA*,75,20261001,14,11,0.78571429,27,3,0,30
mapa_1,Alta densidad y cuello de botella,GA,75,20261001,14,11,0.78571429,27,3,0,30
mapa_1,Alta densidad y cuello de botella,BFS,76,20261002,14,14,1.00000000,29,0,0,29
mapa_1,Alta densidad y cuello de botella,UCS,76,20261002,14,14,1.00000000,29,0,0,29
mapa_1,Alta densidad y cuello de botella,A*,76,20261002,14,14,1.00000000,29,0,0,29
mapa_1,Alta densidad y cuello de botella,IDA*,76,20261002,14,14,1.00000000,29,0,0,29
mapa_1,Alta densidad y cuello de botella,GA,76,20261002,14,14,1.00000000,29,0,0,29
mapa_1,Alta densidad y cuello de botella,BFS,77,20261003,14,14,1.00000000,39,0,0,39
mapa_1,Alta densidad y cuello de botella,UCS,77,20261003,14,14,1.00000000,39,0,0,39
mapa_1,Alta densidad y cuello de botella,A*,77,20261003,14,14,1.00000000,39,0,0,39
mapa_1,Alta densidad y cuello de botella,IDA*,77,20261003,14,14,1.00000000,39,0,0,39
mapa_1,Alta densidad y cuello de botella,GA,77,20261003,14,14,1.00000000,39,0,0,39
mapa_1,Alta densidad y cuello de botella,BFS,78,20261004,14,12,0.85714286,33,2,0,33
mapa_1,Alta densidad y cuello de botella,UCS,78,20261004,14,12,0.85714286,33,2,0,33
mapa_1,Alta densidad y cuello de botella,A*,78,20261004,14,13,0.92857143,33,1,0,33
mapa_1,Alta densidad y cuello de botella,IDA*,78,20261004,14,12,0.85714286,33,2,0,33
mapa_1,Alta densidad y cuello de botella,GA,78,20261004,14,12,0.85714286,33,2,0,33
mapa_1,Alta densidad y cuello de botella,BFS,79,20261005,14,14,1.00000000,34,0,0,34
mapa_1,Alta densidad y cuello de botella,UCS,79,20261005,14,14,1.00000000,34,0,0,34
mapa_1,Alta densidad y cuello de botella,A*,79,20261005,14,14,1.00000000,34,0,0,34
mapa_1,Alta densidad y cuello de botella,IDA*,79,20261005,14,14,1.00000000,34,0,0,34
mapa_1,Alta densidad y cuello de botella,GA,79,20261005,14,14,1.00000000,34,0,0,34
mapa_1,Alta densidad y cuello de botella,BFS,80,20261006,14,14,1.00000000,33,0,0,33
mapa_1,Alta densidad y cuello de botella,UCS,80,20261006,14,14,1.00000000,33,0,0,33
mapa_1,Alta densidad y cuello de botella,A*,80,20261006,14,14,1.00000000,33,0,0,33
mapa_1,Alta densidad y cuello de botella,IDA*,80,20261006,14,14,1.00000000,33,0,0,33
mapa_1,Alta densidad y cuello de botella,GA,80,20261006,14,14,1.00000000,33,0,0,33
mapa_1,Alta densidad y cuello de botella,BFS,81,20261007,14,14,1.00000000,30,0,0,30
mapa_1,Alta densidad y cuello de botella,UCS,81,20261007,14,14,1.00000000,30,0,0,30
mapa_1,Alta densidad y cuello de botella,A*,81,20261007,14,14,1.00000000,30,0,0,30
mapa_1,Alta densidad y cuello de botella,IDA*,81,20261007,14,14,1.00000000,30,0,0,30
mapa_1,Alta densidad y cuello de botella,GA,81,20261007,14,14,1.00000000,30,0,0,30
mapa_1,Alta densidad y cuello de botella,BFS,82,20261008,14,10,0.71428571,21,4,0,33
mapa_1,Alta densidad y cuello de botella,UCS,82,20261008,14,10,0.71428571,21,4,0,33
mapa_1,Alta densidad y cuello de botella,A*,82,20261008,14,10,0.71428571,21,4,0,33
mapa_1,Alta densidad y cuello de botella,IDA*,82,20261008,14,10,0.71428571,21,4,0,33
mapa_1,Alta densidad y cuello de botella,GA,82,20261008,14,10,0.71428571,21,4,0,33
mapa_1,Alta densidad y cuello de botella,BFS,83,20261009,14,14,1.00000000,35,0,0,35
mapa_1,Alta densidad y cuello de botella,UCS,83,20261009,14,14,1.00000000,35,0,0,35
mapa_1,Alta densidad y cuello de botella,A*,83,20261009,14,14,1.00000000,35,0,0,35
mapa_1,Alta densidad y cuello de botella,IDA*,83,20261009,14,14,1.00000000,35,0,0,35
mapa_1,Alta densidad y cuello de botella,GA,83,20261009,14,14,1.00000000,36,0,0,36
mapa_1,Alta densidad y cuello de botella,BFS,84,20261010,14,14,1.00000000,35,0,0,35
mapa_1,Alta densidad y cuello de botella,UCS,84,20261010,14,14,1.00000000,35,0,0,35
mapa_1,Alta densidad y cuello de botella,A*,84,20261010,14,14,1.00000000,35,0,0,35
mapa_1,Alta densidad y cuello de botella,IDA*,84,20261010,14,14,1.00000000,35,0,0,35
mapa_1,Alta densidad y cuello de botella,GA,84,20261010,14,14,1.00000000,35,0,0,35
mapa_1,Alta densidad y cuello de botella,BFS,85,20261011,14,14,1.00000000,34,0,0,34
mapa_1,Alta densidad y cuello de botella,UCS,85,20261011,14,14,1.00000000,34,0,0,34
mapa_1,Alta densidad y cuello de botella,A*,85,20261011,14,14,1.00000000,34,0,0,34
mapa_1,Alta densidad y cuello de botella,IDA*,85,20261011,14,14,1.00000000,34,0,0,34
mapa_1,Alta densidad y cuello de botella,GA,85,20261011,14,14,1.00000000,34,0,0,34
mapa_1,Alta densidad y cuello de botella,BFS,86,20261012,14,14,1.00000000,34,0,0,34
mapa_1,Alta densidad y cuello de botella,UCS,86,20261012,14,14,1.00000000,34,0,0,34
mapa_1,Alta densidad y cuello de botella,A*,86,20261012,14,14,1.00000000,34,0,0,34
mapa_1,Alta densidad y cuello de botella,IDA*,86,20261012,14,14,1.00000000,34,0,0,34
mapa_1,Alta densidad y cuello de botella,GA,86,20261012,14,14,1.00000000,34,0,0,34
mapa_1,Alta densidad y cuello de botella,BFS,87,20261013,14,12,0.85714286,32,2,0,32
mapa_1,Alta densidad y cuello de botella,UCS,87,20261013,14,13,0.92857143,33,1,0,33
mapa_1,Alta densidad y cuello de botella,A*,87,20261013,14,13,0.92857143,33,1,0,33
mapa_1,Alta densidad y cuello de botella,IDA*,87,20261013,14,13,0.92857143,33,1,0,33
mapa_1,Alta densidad y cuello de botella,GA,87,20261013,14,13,0.92857143,33,1,0,33
mapa_1,Alta densidad y cuello de botella,BFS,88,20261014,14,13,0.92857143,37,1,0,37
mapa_1,Alta densidad y cuello de botella,UCS,88,20261014,14,13,0.92857143,37,1,0,37
mapa_1,Alta densidad y cuello de botella,A*,88,20261014,14,13,0.92857143,37,1,0,37
mapa_1,Alta densidad y cuello de botella,IDA*,88,20261014,14,13,0.92857143,37,1,0,37
mapa_1,Alta densidad y cuello de botella,GA,88,20261014,14,13,0.92857143,38,1,0,38
mapa_1,Alta densidad y cuello de botella,BFS,89,20261015,14,14,1.00000000,31,0,0,31
mapa_1,Alta densidad y cuello de botella,UCS,89,20261015,14,14,1.00000000,31,0,0,31
mapa_1,Alta densidad y cuello de botella,A*,89,20261015,14,14,1.00000000,31,0,0,31
mapa_1,Alta densidad y cuello de botella,IDA*,89,20261015,14,14,1.00000000,31,0,0,31
mapa_1,Alta densidad y cuello de botella,GA,89,20261015,14,14,1.00000000,31,0,0,31
mapa_1,Alta densidad y cuello de botella,BFS,90,20261016,14,14,1.00000000,37,0,0,37
mapa_1,Alta densidad y cuello de botella,UCS,90,20261016,14,14,1.00000000,37,0,0,37
mapa_1,Alta densidad y cuello de botella,A*,90,20261016,14,14,1.00000000,37,0,0,37
mapa_1,Alta densidad y cuello de botella,IDA*,90,20261016,14,14,1.00000000,37,0,0,37
mapa_1,Alta densidad y cuello de botella,GA,90,20261016,14,14,1.00000000,38,0,0,38
mapa_1,Alta densidad y cuello de botella,BFS,91,20261017,14,13,0.92857143,37,1,0,37
mapa_1,Alta densidad y cuello de botella,UCS,91,20261017,14,13,0.92857143,37,1,0,37
mapa_1,Alta densidad y cuello de botella,A*,91,20261017,14,13,0.92857143,37,1,0,37
mapa_1,Alta densidad y cuello de botella,IDA*,91,20261017,14,13,0.92857143,37,1,0,37
mapa_1,Alta densidad y cuello de botella,GA,91,20261017,14,13,0.92857143,37,1,0,37
mapa_1,Alta densidad y cuello de botella,BFS,92,20261018,14,14,1.00000000,34,0,0,34
mapa_1,Alta densidad y cuello de botella,UCS,92,20261018,14,14,1.00000000,34,0,0,34
mapa_1,Alta densidad y cuello de botella,A*,92,20261018,14,14,1.00000000,34,0,0,34
mapa_1,Alta densidad y cuello de botella,IDA*,92,20261018,14,14,1.00000000,34,0,0,34
mapa_1,Alta densidad y cuello de botella,GA,92,20261018,14,14,1.00000000,34,0,0,34
mapa_1,Alta densidad y cuello de botella,BFS,93,20261019,14,12,0.85714286,33,2,0,33
mapa_1,Alta densidad y cuello de botella,UCS,93,20261019,14,12,0.85714286,33,2,0,33
mapa_1,Alta densidad y cuello de botella,A*,93,20261019,14,13,0.92857143,34,1,0,34
mapa_1,Alta densidad y cuello de botella,IDA*,93,20261019,14,12,0.85714286,33,2,0,33
mapa_1,Alta densidad y cuello de botella,GA,93,20261019,14,12,0.85714286,33,2,0,33
mapa_1,Alta densidad y cuello de botella,BFS,94,20261020,14,14,1.00000000,33,0,0,33
mapa_1,Alta densidad y cuello de botella,UCS,94,20261020,14,14,1.00000000,33,0,0,33
mapa_1,Alta densidad y cuello de botella,A*,94,20261020,14,14,1.00000000,33,0,0,33
mapa_1,Alta densidad y cuello de botella,IDA*,94,20261020,14,14,1.00000000,33,0,0,33
mapa_1,Alta densidad y cuello de botella,GA,94,20261020,14,14,1.00000000,33,0,0,33
mapa_1,Alta densidad y cuello de botella,BFS,95,20261021,14,14,1.00000000,33,0,0,33
mapa_1,Alta densidad y cuello de botella,UCS,95,20261021,14,14,1.00000000,33,0,0,33
mapa_1,Alta densidad y cuello de botella,A*,95,20261021,14,14,1.00000000,33,0,0,33
mapa_1,Alta densidad y cuello de botella,IDA*,95,20261021,14,14,1.00000000,33,0,0,33
mapa_1,Alta densidad y cuello de botella,GA,95,20261021,14,14,1.00000000,33,0,0,33
mapa_1,Alta densidad y cuello de botella,BFS,96,20261022,14,14,1.00000000,34,0,0,34
mapa_1,Alta densidad y cuello de botella,UCS,96,20261022,14,14,1.00000000,34,0,0,34
mapa_1,Alta densidad y cuello de botella,A*,96,20261022,14,14,1.00000000,34,0,0,34
mapa_1,Alta densidad y cuello de botella,IDA*,96,20261022,14,14,1.00000000,34,0,0,34
mapa_1,Alta densidad y cuello de botella,GA,96,20261022,14,14,1.00000000,34,0,0,34
mapa_1,Alta densidad y cuello de botella,BFS,97,20261023,14,14,1.00000000,38,0,0,38
mapa_1,Alta densidad y cuello de botella,UCS,97,20261023,14,14,1.00000000,38,0,0,38
mapa_1,Alta densidad y cuello de botella,A*,97,20261023,14,14,1.00000000,38,0,0,38
mapa_1,Alta densidad y cuello de botella,IDA*,97,20261023,14,14,1.00000000,38,0,0,38
mapa_1,Alta densidad y cuello de botella,GA,97,20261023,14,14,1.00000000,38,0,0,38
mapa_1,Alta densidad y cuello de botella,BFS,98,20261024,14,14,1.00000000,37,0,0,37
mapa_1,Alta densidad y cuello de botella,UCS,98,20261024,14,14,1.00000000,37,0,0,37
mapa_1,Alta densidad y cuello de botella,A*,98,20261024,14,14,1.00000000,37,0,0,37
mapa_1,Alta densidad y cuello de botella,IDA*,98,20261024,14,14,1.00000000,37,0,0,37
mapa_1,Alta densidad y cuello de botella,GA,98,20261024,14,14,1.00000000,39,0,0,39
mapa_1,Alta densidad y cuello de botella,BFS,99,20261025,14,14,1.00000000,35,0,0,35
mapa_1,Alta densidad y cuello de botella,UCS,99,20261025,14,14,1.00000000,35,0,0,35
mapa_1,Alta densidad y cuello de botella,A*,99,20261025,14,14,1.00000000,35,0,0,35
mapa_1,Alta densidad y cuello de botella,IDA*,99,20261025,14,14,1.00000000,35,0,0,35
mapa_1,Alta densidad y cuello de botella,GA,99,20261025,14,14,1.00000000,35,0,0,35
mapa_1,Alta densidad y cuello de botella,BFS,100,20261026,14,14,1.00000000,26,0,0,26
mapa_1,Alta densidad y cuello de botella,UCS,100,20261026,14,14,1.00000000,26,0,0,26
mapa_1,Alta densidad y cuello de botella,A*,100,20261026,14,14,1.00000000,26,0,0,26
mapa_1,Alta densidad y cuello de botella,IDA*,100,20261026,14,14,1.00000000,26,0,0,26
mapa_1,Alta densidad y cuello de botella,GA,100,20261026,14,14,1.00000000,26,0,0,26
mapa_1,Alta densidad y cuello de botella,BFS,101,20261027,14,14,1.00000000,37,0,0,37
mapa_1,Alta densidad y cuello de botella,UCS,101,20261027,14,14,1.00000000,37,0,0,37
mapa_1,Alta densidad y cuello de botella,A*,101,20261027,14,14,1.00000000,37,0,0,37
mapa_1,Alta densidad y cuello de botella,IDA*,101,20261027,14,14,1.00000000,37,0,0,37
mapa_1,Alta densidad y cuello de botella,GA,101,20261027,14,14,1.00000000,37,0,0,37
mapa_1,Alta densidad y cuello de botella,BFS,102,20261028,14,13,0.92857143,38,1,0,38
mapa_1,Alta densidad y cuello de botella,UCS,102,20261028,14,13,0.92857143,38,1,0,38
mapa_1,Alta densidad y cuello de botella,A*,102,20261028,14,13,0.92857143,38,1,0,38
mapa_1,Alta densidad y cuello de botella,IDA*,102,20261028,14,13,0.92857143,38,1,0,38
mapa_1,Alta densidad y cuello de botella,GA,102,20261028,14,13,0.92857143,38,1,0,38
mapa_1,Alta densidad y cuello de botella,BFS,103,20261029,14,14,1.00000000,36,0,0,36
mapa_1,Alta densidad y cuello de botella,UCS,103,20261029,14,14,1.00000000,36,0,0,36
mapa_1,Alta densidad y cuello de botella,A*,103,20261029,14,14,1.00000000,36,0,0,36
mapa_1,Alta densidad y cuello de botella,IDA*,103,20261029,14,14,1.00000000,36,0,0,36
mapa_1,Alta densidad y cuello de botella,GA,103,20261029,14,14,1.00000000,36,0,0,36
mapa_1,Alta densidad y cuello de botella,BFS,104,20261030,14,14,1.00000000,35,0,0,35
mapa_1,Alta densidad y cuello de botella,UCS,104,20261030,14,14,1.00000000,35,0,0,35
mapa_1,Alta densidad y cuello de botella,A*,104,20261030,14,14,1.00000000,35,0,0,35
mapa_1,Alta densidad y cuello de botella,IDA*,104,20261030,14,14,1.00000000,35,0,0,35
mapa_1,Alta densidad y cuello de botella,GA,104,20261030,14,14,1.00000000,35,0,0,35
mapa_1,Alta densidad y cuello de botella,BFS,105,20261031,14,14,1.00000000,35,0,0,35
mapa_1,Alta densidad y cuello de botella,UCS,105,20261031,14,14,1.00000000,35,0,0,35
mapa_1,Alta densidad y cuello de botella,A*,105,20261031,14,14,1.00000000,35,0,0,35
mapa_1,Alta densidad y cuello de botella,IDA*,105,20261031,14,14,1.00000000,35,0,0,35
mapa_1,Alta densidad y cuello de botella,GA,105,20261031,14,14,1.00000000,35,0,0,35
mapa_1,Alta densidad y cuello de botella,BFS,106,20261032,14,14,1.00000000,35,0,0,35
mapa_1,Alta densidad y cuello de botella,UCS,106,20261032,14,14,1.00000000,35,0,0,35
mapa_1,Alta densidad y cuello de botella,A*,106,20261032,14,14,1.00000000,35,0,0,35
mapa_1,Alta densidad y cuello de botella,IDA*,106,20261032,14,14,1.00000000,35,0,0,35
mapa_1,Alta densidad y cuello de botella,GA,106,20261032,14,14,1.00000000,35,0,0,35
mapa_1,Alta densidad y cuello de botella,BFS,107,20261033,14,12,0.85714286,35,2,0,35
mapa_1,Alta densidad y cuello de botella,UCS,107,20261033,14,12,0.85714286,35,2,0,35
mapa_1,Alta densidad y cuello de botella,A*,107,20261033,14,12,0.85714286,35,2,0,39
mapa_1,Alta densidad y cuello de botella,IDA*,107,20261033,14,12,0.85714286,35,2,0,35
mapa_1,Alta densidad y cuello de botella,GA,107,20261033,14,12,0.85714286,35,2,0,35
mapa_1,Alta densidad y cuello de botella,BFS,108,20261034,14,12,0.85714286,32,2,0,32
mapa_1,Alta densidad y cuello de botella,UCS,108,20261034,14,12,0.85714286,32,2,0,32
mapa_1,Alta densidad y cuello de botella,A*,108,20261034,14,12,0.85714286,32,2,0,32
mapa_1,Alta densidad y cuello de botella,IDA*,108,20261034,14,12,0.85714286,32,2,0,32
mapa_1,Alta densidad y cuello de botella,GA,108,20261034,14,12,0.85714286,32,2,0,32
mapa_1,Alta densidad y cuello de botella,BFS,109,20261035,14,14,1.00000000,37,0,0,37
mapa_1,Alta densidad y cuello de botella,UCS,109,20261035,14,14,1.00000000,37,0,0,37
mapa_1,Alta densidad y cuello de botella,A*,109,20261035,14,14,1.00000000,37,0,0,37
mapa_1,Alta densidad y cuello de botella,IDA*,109,20261035,14,14,1.00000000,37,0,0,37
mapa_1,Alta densidad y cuello de botella,GA,109,20261035,14,14,1.00000000,39,0,0,39
mapa_1,Alta densidad y cuello de botella,BFS,110,20261036,14,14,1.00000000,39,0,0,39
mapa_1,Alta densidad y cuello de botella,UCS,110,20261036,14,14,1.00000000,39,0,0,39
mapa_1,Alta densidad y cuello de botella,A*,110,20261036,14,14,1.00000000,37,0,0,37
mapa_1,Alta densidad y cuello de botella,IDA*,110,20261036,14,14,1.00000000,39,0,0,39
mapa_1,Alta densidad y cuello de botella,GA,110,20261036,14,14,1.00000000,39,0,0,39
mapa_1,Alta densidad y cuello de botella,BFS,111,20261037,14,14,1.00000000,37,0,0,37
mapa_1,Alta densidad y cuello de botella,UCS,111,20261037,14,14,1.00000000,37,0,0,37
mapa_1,Alta densidad y cuello de botella,A*,111,20261037,14,14,1.00000000,37,0,0,37
mapa_1,Alta densidad y cuello de botella,IDA*,111,20261037,14,14,1.00000000,37,0,0,37
mapa_1,Alta densidad y cuello de botella,GA,111,20261037,14,13,0.92857143,36,1,0,36
mapa_1,Alta densidad y cuello de botella,BFS,112,20261038,14,14,1.00000000,22,0,0,22
mapa_1,Alta densidad y cuello de botella,UCS,112,20261038,14,14,1.00000000,22,0,0,22
mapa_1,Alta densidad y cuello de botella,A*,112,20261038,14,14,1.00000000,22,0,0,22
mapa_1,Alta densidad y cuello de botella,IDA*,112,20261038,14,14,1.00000000,22,0,0,22
mapa_1,Alta densidad y cuello de botella,GA,112,20261038,14,14,1.00000000,22,0,0,22
mapa_1,Alta densidad y cuello de botella,BFS,113,20261039,14,14,1.00000000,36,0,0,36
mapa_1,Alta densidad y cuello de botella,UCS,113,20261039,14,14,1.00000000,36,0,0,36
mapa_1,Alta densidad y cuello de botella,A*,113,20261039,14,14,1.00000000,36,0,0,36
mapa_1,Alta densidad y cuello de botella,IDA*,113,20261039,14,14,1.00000000,36,0,0,36
mapa_1,Alta densidad y cuello de botella,GA,113,20261039,14,14,1.00000000,38,0,0,38
mapa_1,Alta densidad y cuello de botella,BFS,114,20261040,14,14,1.00000000,36,0,0,36
mapa_1,Alta densidad y cuello de botella,UCS,114,20261040,14,14,1.00000000,36,0,0,36
mapa_1,Alta densidad y cuello de botella,A*,114,20261040,14,14,1.00000000,36,0,0,36
mapa_1,Alta densidad y cuello de botella,IDA*,114,20261040,14,14,1.00000000,36,0,0,36
mapa_1,Alta densidad y cuello de botella,GA,114,20261040,14,14,1.00000000,36,0,0,36
mapa_1,Alta densidad y cuello de botella,BFS,115,20261041,14,14,1.00000000,33,0,0,33
mapa_1,Alta densidad y cuello de botella,UCS,115,20261041,14,14,1.00000000,33,0,0,33
mapa_1,Alta densidad y cuello de botella,A*,115,20261041,14,14,1.00000000,33,0,0,33
mapa_1,Alta densidad y cuello de botella,IDA*,115,20261041,14,14,1.00000000,33,0,0,33
mapa_1,Alta densidad y cuello de botella,GA,115,20261041,14,14,1.00000000,33,0,0,33
mapa_1,Alta densidad y cuello de botella,BFS,116,20261042,14,12,0.85714286,30,2,0,30
mapa_1,Alta densidad y cuello de botella,UCS,116,20261042,14,12,0.85714286,30,2,0,30
mapa_1,Alta densidad y cuello de botella,A*,116,20261042,14,13,0.92857143,31,1,0,31
mapa_1,Alta densidad y cuello de botella,IDA*,116,20261042,14,12,0.85714286,30,2,0,30
mapa_1,Alta densidad y cuello de botella,GA,116,20261042,14,12,0.85714286,30,2,0,30
mapa_1,Alta densidad y cuello de botella,BFS,117,20261043,14,14,1.00000000,35,0,0,35
mapa_1,Alta densidad y cuello de botella,UCS,117,20261043,14,14,1.00000000,35,0,0,35
mapa_1,Alta densidad y cuello de botella,A*,117,20261043,14,14,1.00000000,35,0,0,35
mapa_1,Alta densidad y cuello de botella,IDA*,117,20261043,14,14,1.00000000,35,0,0,35
mapa_1,Alta densidad y cuello de botella,GA,117,20261043,14,14,1.00000000,37,0,0,37
mapa_1,Alta densidad y cuello de botella,BFS,118,20261044,14,14,1.00000000,29,0,0,29
mapa_1,Alta densidad y cuello de botella,UCS,118,20261044,14,14,1.00000000,29,0,0,29
mapa_1,Alta densidad y cuello de botella,A*,118,20261044,14,14,1.00000000,29,0,0,29
mapa_1,Alta densidad y cuello de botella,IDA*,118,20261044,14,14,1.00000000,29,0,0,29
mapa_1,Alta densidad y cuello de botella,GA,118,20261044,14,14,1.00000000,29,0,0,29
mapa_1,Alta densidad y cuello de botella,BFS,119,20261045,14,13,0.92857143,29,1,0,33
mapa_1,Alta densidad y cuello de botella,UCS,119,20261045,14,13,0.92857143,29,1,0,33
mapa_1,Alta densidad y cuello de botella,A*,119,20261045,14,13,0.92857143,29,1,0,33
mapa_1,Alta densidad y cuello de botella,IDA*,119,20261045,14,13,0.92857143,29,1,0,33
mapa_1,Alta densidad y cuello de botella,GA,119,20261045,14,13,0.92857143,29,1,0,33
mapa_1,Alta densidad y cuello de botella,BFS,120,20261046,14,13,0.92857143,33,1,0,33
mapa_1,Alta densidad y cuello de botella,UCS,120,20261046,14,14,1.00000000,33,0,0,33
mapa_1,Alta densidad y cuello de botella,A*,120,20261046,14,14,1.00000000,33,0,0,33
mapa_1,Alta densidad y cuello de botella,IDA*,120,20261046,14,14,1.00000000,33,0,0,33
mapa_1,Alta densidad y cuello de botella,GA,120,20261046,14,14,1.00000000,33,0,0,33
mapa_1,Alta densidad y cuello de botella,BFS,121,20261047,14,14,1.00000000,35,0,0,35
mapa_1,Alta densidad y cuello de botella,UCS,121,20261047,14,14,1.00000000,35,0,0,35
mapa_1,Alta densidad y cuello de botella,A*,121,20261047,14,14,1.00000000,35,0,0,35
mapa_1,Alta densidad y cuello de botella,IDA*,121,20261047,14,14,1.00000000,35,0,0,35
mapa_1,Alta densidad y cuello de botella,GA,121,20261047,14,14,1.00000000,35,0,0,35
mapa_1,Alta densidad y cuello de botella,BFS,122,20261048,14,13,0.92857143,38,1,0,38
mapa_1,Alta densidad y cuello de botella,UCS,122,20261048,14,13,0.92857143,38,1,0,38
mapa_1,Alta densidad y cuello de botella,A*,122,20261048,14,14,1.00000000,38,0,0,38
mapa_1,Alta densidad y cuello de botella,IDA*,122,20261048,14,13,0.92857143,38,1,0,38
mapa_1,Alta densidad y cuello de botella,GA,122,20261048,14,13,0.92857143,38,1,0,38
mapa_1,Alta densidad y cuello de botella,BFS,123,20261049,14,12,0.85714286,32,2,0,32
mapa_1,Alta densidad y cuello de botella,UCS,123,20261049,14,13,0.92857143,34,1,0,34
mapa_1,Alta densidad y cuello de botella,A*,123,20261049,14,13,0.92857143,34,1,0,34
mapa_1,Alta densidad y cuello de botella,IDA*,123,20261049,14,13,0.92857143,34,1,0,34
mapa_1,Alta densidad y cuello de botella,GA,123,20261049,14,13,0.92857143,34,1,0,34
mapa_1,Alta densidad y cuello de botella,BFS,124,20261050,14,14,1.00000000,28,0,0,28
mapa_1,Alta densidad y cuello de botella,UCS,124,20261050,14,14,1.00000000,28,0,0,28
mapa_1,Alta densidad y cuello de botella,A*,124,20261050,14,14,1.00000000,28,0,0,28
mapa_1,Alta densidad y cuello de botella,IDA*,124,20261050,14,14,1.00000000,28,0,0,28
mapa_1,Alta densidad y cuello de botella,GA,124,20261050,14,14,1.00000000,28,0,0,28
mapa_1,Alta densidad y cuello de botella,BFS,125,20261051,14,14,1.00000000,37,0,0,37
mapa_1,Alta densidad y cuello de botella,UCS,125,20261051,14,14,1.00000000,37,0,0,37
mapa_1,Alta densidad y cuello de botella,A*,125,20261051,14,14,1.00000000,37,0,0,37
mapa_1,Alta densidad y cuello de botella,IDA*,125,20261051,14,14,1.00000000,37,0,0,37
mapa_1,Alta densidad y cuello de botella,GA,125,20261051,14,14,1.00000000,37,0,0,37
mapa_1,Alta densidad y cuello de botella,BFS,126,20261052,14,14,1.00000000,33,0,0,33
mapa_1,Alta densidad y cuello de botella,UCS,126,20261052,14,14,1.00000000,33,0,0,33
mapa_1,Alta densidad y cuello de botella,A*,126,20261052,14,14,1.00000000,33,0,0,33
mapa_1,Alta densidad y cuello de botella,IDA*,126,20261052,14,14,1.00000000,33,0,0,33
mapa_1,Alta densidad y cuello de botella,GA,126,20261052,14,14,1.00000000,33,0,0,33
mapa_1,Alta densidad y cuello de botella,BFS,127,20261053,14,14,1.00000000,30,0,0,30
mapa_1,Alta densidad y cuello de botella,UCS,127,20261053,14,14,1.00000000,30,0,0,30
mapa_1,Alta densidad y cuello de botella,A*,127,20261053,14,14,1.00000000,30,0,0,30
mapa_1,Alta densidad y cuello de botella,IDA*,127,20261053,14,14,1.00000000,30,0,0,30
mapa_1,Alta densidad y cuello de botella,GA,127,20261053,14,14,1.00000000,30,0,0,30
mapa_1,Alta densidad y cuello de botella,BFS,128,20261054,14,14,1.00000000,35,0,0,35
mapa_1,Alta densidad y cuello de botella,UCS,128,20261054,14,14,1.00000000,35,0,0,35
mapa_1,Alta densidad y cuello de botella,A*,128,20261054,14,14,1.00000000,35,0,0,35
mapa_1,Alta densidad y cuello de botella,IDA*,128,20261054,14,14,1.00000000,35,0,0,35
mapa_1,Alta densidad y cuello de botella,GA,128,20261054,14,14,1.00000000,35,0,0,35
mapa_1,Alta densidad y cuello de botella,BFS,129,20261055,14,14,1.00000000,37,0,0,37
mapa_1,Alta densidad y cuello de botella,UCS,129,20261055,14,14,1.00000000,37,0,0,37
mapa_1,Alta densidad y cuello de botella,A*,129,20261055,14,14,1.00000000,37,0,0,37
mapa_1,Alta densidad y cuello de botella,IDA*,129,20261055,14,14,1.00000000,37,0,0,37
mapa_1,Alta densidad y cuello de botella,GA,129,20261055,14,14,1.00000000,37,0,0,37
mapa_1,Alta densidad y cuello de botella,BFS,130,20261056,14,14,1.00000000,33,0,0,33
mapa_1,Alta densidad y cuello de botella,UCS,130,20261056,14,14,1.00000000,33,0,0,33
mapa_1,Alta densidad y cuello de botella,A*,130,20261056,14,14,1.00000000,33,0,0,33
mapa_1,Alta densidad y cuello de botella,IDA*,130,20261056,14,14,1.00000000,33,0,0,33
mapa_1,Alta densidad y cuello de botella,GA,130,20261056,14,14,1.00000000,33,0,0,33
mapa_1,Alta densidad y cuello de botella,BFS,131,20261057,14,14,1.00000000,38,0,0,38
mapa_1,Alta densidad y cuello de botella,UCS,131,20261057,14,14,1.00000000,38,0,0,38
mapa_1,Alta densidad y cuello de botella,A*,131,20261057,14,14,1.00000000,38,0,0,38
mapa_1,Alta densidad y cuello de botella,IDA*,131,20261057,14,14,1.00000000,38,0,0,38
mapa_1,Alta densidad y cuello de botella,GA,131,20261057,14,14,1.00000000,38,0,0,38
mapa_1,Alta densidad y cuello de botella,BFS,132,20261058,14,12,0.85714286,22,2,0,27
mapa_1,Alta densidad y cuello de botella,UCS,132,20261058,14,12,0.85714286,22,2,0,27
mapa_1,Alta densidad y cuello de botella,A*,132,20261058,14,12,0.85714286,22,2,0,27
mapa_1,Alta densidad y cuello de botella,IDA*,132,20261058,14,12,0.85714286,22,2,0,27
mapa_1,Alta densidad y cuello de botella,GA,132,20261058,14,12,0.85714286,22,2,0,36
mapa_1,Alta densidad y cuello de botella,BFS,133,20261059,14,14,1.00000000,36,0,0,36
mapa_1,Alta densidad y cuello de botella,UCS,133,20261059,14,14,1.00000000,34,0,0,34
mapa_1,Alta densidad y cuello de botella,A*,133,20261059,14,14,1.00000000,34,0,0,34
mapa_1,Alta densidad y cuello de botella,IDA*,133,20261059,14,14,1.00000000,34,0,0,34
mapa_1,Alta densidad y cuello de botella,GA,133,20261059,14,14,1.00000000,34,0,0,34
mapa_1,Alta densidad y cuello de botella,BFS,134,20261060,14,14,1.00000000,37,0,0,37
mapa_1,Alta densidad y cuello de botella,UCS,134,20261060,14,14,1.00000000,37,0,0,37
mapa_1,Alta densidad y cuello de botella,A*,134,20261060,14,14,1.00000000,37,0,0,37
mapa_1,Alta densidad y cuello de botella,IDA*,134,20261060,14,14,1.00000000,37,0,0,37
mapa_1,Alta densidad y cuello de botella,GA,134,20261060,14,14,1.00000000,37,0,0,37
mapa_1,Alta densidad y cuello de botella,BFS,135,20261061,14,14,1.00000000,36,0,0,36
mapa_1,Alta densidad y cuello de botella,UCS,135,20261061,14,14,1.00000000,36,0,0,36
mapa_1,Alta densidad y cuello de botella,A*,135,20261061,14,14,1.00000000,36,0,0,36
mapa_1,Alta densidad y cuello de botella,IDA*,135,20261061,14,14,1.00000000,36,0,0,36
mapa_1,Alta densidad y cuello de botella,GA,135,20261061,14,14,1.00000000,36,0,0,36
mapa_1,Alta densidad y cuello de botella,BFS,136,20261062,14,14,1.00000000,38,0,0,38
mapa_1,Alta densidad y cuello de botella,UCS,136,20261062,14,14,1.00000000,38,0,0,38
mapa_1,Alta densidad y cuello de botella,A*,136,20261062,14,14,1.00000000,38,0,0,38
mapa_1,Alta densidad y cuello de botella,IDA*,136,20261062,14,14,1.00000000,38,0,0,38
mapa_1,Alta densidad y cuello de botella,GA,136,20261062,14,14,1.00000000,38,0,0,38
mapa_1,Alta densidad y cuello de botella,BFS,137,20261063,14,14,1.00000000,37,0,0,37
mapa_1,Alta densidad y cuello de botella,UCS,137,20261063,14,14,1.00000000,37,0,0,37
mapa_1,Alta densidad y cuello de botella,A*,137,20261063,14,14,1.00000000,37,0,0,37
mapa_1,Alta densidad y cuello de botella,IDA*,137,20261063,14,14,1.00000000,37,0,0,37
mapa_1,Alta densidad y cuello de botella,GA,137,20261063,14,14,1.00000000,37,0,0,37
mapa_1,Alta densidad y cuello de botella,BFS,138,20261064,14,14,1.00000000,35,0,0,35
mapa_1,Alta densidad y cuello de botella,UCS,138,20261064,14,14,1.00000000,35,0,0,35
mapa_1,Alta densidad y cuello de botella,A*,138,20261064,14,14,1.00000000,35,0,0,35
mapa_1,Alta densidad y cuello de botella,IDA*,138,20261064,14,14,1.00000000,35,0,0,35
mapa_1,Alta densidad y cuello de botella,GA,138,20261064,14,14,1.00000000,35,0,0,35
mapa_1,Alta densidad y cuello de botella,BFS,139,20261065,14,13,0.92857143,33,1,0,33
mapa_1,Alta densidad y cuello de botella,UCS,139,20261065,14,13,0.92857143,33,1,0,33
mapa_1,Alta densidad y cuello de botella,A*,139,20261065,14,13,0.92857143,33,1,0,33
mapa_1,Alta densidad y cuello de botella,IDA*,139,20261065,14,13,0.92857143,33,1,0,33
mapa_1,Alta densidad y cuello de botella,GA,139,20261065,14,13,0.92857143,33,1,0,33
mapa_1,Alta densidad y cuello de botella,BFS,140,20261066,14,13,0.92857143,30,1,0,30
mapa_1,Alta densidad y cuello de botella,UCS,140,20261066,14,13,0.92857143,30,1,0,30
mapa_1,Alta densidad y cuello de botella,A*,140,20261066,14,13,0.92857143,30,1,0,30
mapa_1,Alta densidad y cuello de botella,IDA*,140,20261066,14,13,0.92857143,30,1,0,30
mapa_1,Alta densidad y cuello de botella,GA,140,20261066,14,13,0.92857143,30,1,0,30
mapa_1,Alta densidad y cuello de botella,BFS,141,20261067,14,14,1.00000000,26,0,0,26
mapa_1,Alta densidad y cuello de botella,UCS,141,20261067,14,14,1.00000000,26,0,0,26
mapa_1,Alta densidad y cuello de botella,A*,141,20261067,14,14,1.00000000,26,0,0,26
mapa_1,Alta densidad y cuello de botella,IDA*,141,20261067,14,14,1.00000000,26,0,0,26
mapa_1,Alta densidad y cuello de botella,GA,141,20261067,14,14,1.00000000,26,0,0,26
mapa_1,Alta densidad y cuello de botella,BFS,142,20261068,14,14,1.00000000,24,0,0,24
mapa_1,Alta densidad y cuello de botella,UCS,142,20261068,14,14,1.00000000,24,0,0,24
mapa_1,Alta densidad y cuello de botella,A*,142,20261068,14,14,1.00000000,24,0,0,24
mapa_1,Alta densidad y cuello de botella,IDA*,142,20261068,14,14,1.00000000,24,0,0,24
mapa_1,Alta densidad y cuello de botella,GA,142,20261068,14,14,1.00000000,25,0,0,25
mapa_1,Alta densidad y cuello de botella,BFS,143,20261069,14,14,1.00000000,33,0,0,33
mapa_1,Alta densidad y cuello de botella,UCS,143,20261069,14,14,1.00000000,33,0,0,33
mapa_1,Alta densidad y cuello de botella,A*,143,20261069,14,14,1.00000000,33,0,0,33
mapa_1,Alta densidad y cuello de botella,IDA*,143,20261069,14,14,1.00000000,33,0,0,33
mapa_1,Alta densidad y cuello de botella,GA,143,20261069,14,14,1.00000000,33,0,0,33
mapa_1,Alta densidad y cuello de botella,BFS,144,20261070,14,13,0.92857143,34,1,0,34
mapa_1,Alta densidad y cuello de botella,UCS,144,20261070,14,13,0.92857143,34,1,0,34
mapa_1,Alta densidad y cuello de botella,A*,144,20261070,14,14,1.00000000,34,0,0,34
mapa_1,Alta densidad y cuello de botella,IDA*,144,20261070,14,13,0.92857143,34,1,0,34
mapa_1,Alta densidad y cuello de botella,GA,144,20261070,14,13,0.92857143,34,1,0,34
mapa_1,Alta densidad y cuello de botella,BFS,145,20261071,14,14,1.00000000,39,0,0,39
mapa_1,Alta densidad y cuello de botella,UCS,145,20261071,14,14,1.00000000,39,0,0,39
mapa_1,Alta densidad y cuello de botella,A*,145,20261071,14,14,1.00000000,39,0,0,39
mapa_1,Alta densidad y cuello de botella,IDA*,145,20261071,14,14,1.00000000,39,0,0,39
mapa_1,Alta densidad y cuello de botella,GA,145,20261071,14,14,1.00000000,39,0,0,39
mapa_1,Alta densidad y cuello de botella,BFS,146,20261072,14,14,1.00000000,27,0,0,27
mapa_1,Alta densidad y cuello de botella,UCS,146,20261072,14,14,1.00000000,27,0,0,27
mapa_1,Alta densidad y cuello de botella,A*,146,20261072,14,14,1.00000000,27,0,0,27
mapa_1,Alta densidad y cuello de botella,IDA*,146,20261072,14,14,1.00000000,27,0,0,27
mapa_1,Alta densidad y cuello de botella,GA,146,20261072,14,14,1.00000000,27,0,0,27
mapa_1,Alta densidad y cuello de botella,BFS,147,20261073,14,13,0.92857143,38,1,0,38
mapa_1,Alta densidad y cuello de botella,UCS,147,20261073,14,13,0.92857143,38,1,0,38
mapa_1,Alta densidad y cuello de botella,A*,147,20261073,14,13,0.92857143,38,1,0,38
mapa_1,Alta densidad y cuello de botella,IDA*,147,20261073,14,13,0.92857143,38,1,0,38
mapa_1,Alta densidad y cuello de botella,GA,147,20261073,14,13,0.92857143,38,1,0,38
mapa_1,Alta densidad y cuello de botella,BFS,148,20261074,14,14,1.00000000,33,0,0,33
mapa_1,Alta densidad y cuello de botella,UCS,148,20261074,14,14,1.00000000,33,0,0,33
mapa_1,Alta densidad y cuello de botella,A*,148,20261074,14,14,1.00000000,33,0,0,33
mapa_1,Alta densidad y cuello de botella,IDA*,148,20261074,14,14,1.00000000,33,0,0,33
mapa_1,Alta densidad y cuello de botella,GA,148,20261074,14,14,1.00000000,33,0,0,33
mapa_1,Alta densidad y cuello de botella,BFS,149,20261075,14,13,0.92857143,31,1,0,31
mapa_1,Alta densidad y cuello de botella,UCS,149,20261075,14,13,0.92857143,31,1,0,31
mapa_1,Alta densidad y cuello de botella,A*,149,20261075,14,14,1.00000000,32,0,0,32
mapa_1,Alta densidad y cuello de botella,IDA*,149,20261075,14,13,0.92857143,31,1,0,31
mapa_1,Alta densidad y cuello de botella,GA,149,20261075,14,13,0.92857143,31,1,0,31
mapa_1,Alta densidad y cuello de botella,BFS,150,20261076,14,12,0.85714286,22,2,0,33
mapa_1,Alta densidad y cuello de botella,UCS,150,20261076,14,12,0.85714286,22,2,0,33
mapa_1,Alta densidad y cuello de botella,A*,150,20261076,14,12,0.85714286,22,2,0,33
mapa_1,Alta densidad y cuello de botella,IDA*,150,20261076,14,12,0.85714286,22,2,0,33
mapa_1,Alta densidad y cuello de botella,GA,150,20261076,14,12,0.85714286,22,2,0,33
mapa_1,Alta densidad y cuello de botella,BFS,151,20261077,14,13,0.92857143,37,1,0,37
mapa_1,Alta densidad y cuello de botella,UCS,151,20261077,14,13,0.92857143,37,1,0,37
mapa_1,Alta densidad y cuello de botella,A*,151,20261077,14,13,0.92857143,37,1,0,37
mapa_1,Alta densidad y cuello de botella,IDA*,151,20261077,14,13,0.92857143,37,1,0,37
mapa_1,Alta densidad y cuello de botella,GA,151,20261077,14,13,0.92857143,37,1,0,37
mapa_1,Alta densidad y cuello de botella,BFS,152,20261078,14,13,0.92857143,27,1,0,27
mapa_1,Alta densidad y cuello de botella,UCS,152,20261078,14,13,0.92857143,27,1,0,27
mapa_1,Alta densidad y cuello de botella,A*,152,20261078,14,13,0.92857143,27,1,0,27
mapa_1,Alta densidad y cuello de botella,IDA*,152,20261078,14,13,0.92857143,27,1,0,27
mapa_1,Alta densidad y cuello de botella,GA,152,20261078,14,13,0.92857143,27,1,0,27
mapa_1,Alta densidad y cuello de botella,BFS,153,20261079,14,14,1.00000000,33,0,0,33
mapa_1,Alta densidad y cuello de botella,UCS,153,20261079,14,14,1.00000000,33,0,0,33
mapa_1,Alta densidad y cuello de botella,A*,153,20261079,14,14,1.00000000,33,0,0,33
mapa_1,Alta densidad y cuello de botella,IDA*,153,20261079,14,14,1.00000000,33,0,0,33
mapa_1,Alta densidad y cuello de botella,GA,153,20261079,14,14,1.00000000,33,0,0,33
mapa_1,Alta densidad y cuello de botella,BFS,154,20261080,14,13,0.92857143,36,1,0,36
mapa_1,Alta densidad y cuello de botella,UCS,154,20261080,14,13,0.92857143,36,1,0,36
mapa_1,Alta densidad y cuello de botella,A*,154,20261080,14,14,1.00000000,37,0,0,37
mapa_1,Alta densidad y cuello de botella,IDA*,154,20261080,14,13,0.92857143,36,1,0,36
mapa_1,Alta densidad y cuello de botella,GA,154,20261080,14,13,0.92857143,36,1,0,36
mapa_1,Alta densidad y cuello de botella,BFS,155,20261081,14,14,1.00000000,36,0,0,36
mapa_1,Alta densidad y cuello de botella,UCS,155,20261081,14,14,1.00000000,36,0,0,36
mapa_1,Alta densidad y cuello de botella,A*,155,20261081,14,14,1.00000000,36,0,0,36
mapa_1,Alta densidad y cuello de botella,IDA*,155,20261081,14,14,1.00000000,36,0,0,36
mapa_1,Alta densidad y cuello de botella,GA,155,20261081,14,14,1.00000000,36,0,0,36
mapa_1,Alta densidad y cuello de botella,BFS,156,20261082,14,11,0.78571429,22,3,0,22
mapa_1,Alta densidad y cuello de botella,UCS,156,20261082,14,11,0.78571429,22,3,0,22
mapa_1,Alta densidad y cuello de botella,A*,156,20261082,14,11,0.78571429,22,3,0,27
mapa_1,Alta densidad y cuello de botella,IDA*,156,20261082,14,11,0.78571429,22,3,0,22
mapa_1,Alta densidad y cuello de botella,GA,156,20261082,14,11,0.78571429,22,3,0,22
mapa_1,Alta densidad y cuello de botella,BFS,157,20261083,14,14,1.00000000,35,0,0,35
mapa_1,Alta densidad y cuello de botella,UCS,157,20261083,14,14,1.00000000,35,0,0,35
mapa_1,Alta densidad y cuello de botella,A*,157,20261083,14,14,1.00000000,35,0,0,35
mapa_1,Alta densidad y cuello de botella,IDA*,157,20261083,14,14,1.00000000,35,0,0,35
mapa_1,Alta densidad y cuello de botella,GA,157,20261083,14,14,1.00000000,37,0,0,37
mapa_1,Alta densidad y cuello de botella,BFS,158,20261084,14,14,1.00000000,35,0,0,35
mapa_1,Alta densidad y cuello de botella,UCS,158,20261084,14,14,1.00000000,35,0,0,35
mapa_1,Alta densidad y cuello de botella,A*,158,20261084,14,14,1.00000000,35,0,0,35
mapa_1,Alta densidad y cuello de botella,IDA*,158,20261084,14,14,1.00000000,35,0,0,35
mapa_1,Alta densidad y cuello de botella,GA,158,20261084,14,14,1.00000000,35,0,0,35
mapa_1,Alta densidad y cuello de botella,BFS,159,20261085,14,13,0.92857143,24,1,0,24
mapa_1,Alta densidad y cuello de botella,UCS,159,20261085,14,13,0.92857143,24,1,0,24
mapa_1,Alta densidad y cuello de botella,A*,159,20261085,14,14,1.00000000,31,0,0,31
mapa_1,Alta densidad y cuello de botella,IDA*,159,20261085,14,13,0.92857143,24,1,0,24
mapa_1,Alta densidad y cuello de botella,GA,159,20261085,14,13,0.92857143,24,1,0,24
mapa_1,Alta densidad y cuello de botella,BFS,160,20261086,14,14,1.00000000,31,0,0,31
mapa_1,Alta densidad y cuello de botella,UCS,160,20261086,14,14,1.00000000,31,0,0,31
mapa_1,Alta densidad y cuello de botella,A*,160,20261086,14,14,1.00000000,31,0,0,31
mapa_1,Alta densidad y cuello de botella,IDA*,160,20261086,14,14,1.00000000,31,0,0,31
mapa_1,Alta densidad y cuello de botella,GA,160,20261086,14,14,1.00000000,31,0,0,31
mapa_1,Alta densidad y cuello de botella,BFS,161,20261087,14,13,0.92857143,35,1,0,35
mapa_1,Alta densidad y cuello de botella,UCS,161,20261087,14,13,0.92857143,35,1,0,35
mapa_1,Alta densidad y cuello de botella,A*,161,20261087,14,14,1.00000000,35,0,0,35
mapa_1,Alta densidad y cuello de botella,IDA*,161,20261087,14,13,0.92857143,35,1,0,35
mapa_1,Alta densidad y cuello de botella,GA,161,20261087,14,13,0.92857143,35,1,0,35
mapa_1,Alta densidad y cuello de botella,BFS,162,20261088,14,14,1.00000000,32,0,0,32
mapa_1,Alta densidad y cuello de botella,UCS,162,20261088,14,14,1.00000000,32,0,0,32
mapa_1,Alta densidad y cuello de botella,A*,162,20261088,14,14,1.00000000,32,0,0,32
mapa_1,Alta densidad y cuello de botella,IDA*,162,20261088,14,14,1.00000000,32,0,0,32
mapa_1,Alta densidad y cuello de botella,GA,162,20261088,14,14,1.00000000,32,0,0,32
mapa_1,Alta densidad y cuello de botella,BFS,163,20261089,14,14,1.00000000,36,0,0,36
mapa_1,Alta densidad y cuello de botella,UCS,163,20261089,14,14,1.00000000,36,0,0,36
mapa_1,Alta densidad y cuello de botella,A*,163,20261089,14,14,1.00000000,36,0,0,36
mapa_1,Alta densidad y cuello de botella,IDA*,163,20261089,14,14,1.00000000,36,0,0,36
mapa_1,Alta densidad y cuello de botella,GA,163,20261089,14,14,1.00000000,36,0,0,36
mapa_1,Alta densidad y cuello de botella,BFS,164,20261090,14,14,1.00000000,26,0,0,26
mapa_1,Alta densidad y cuello de botella,UCS,164,20261090,14,14,1.00000000,26,0,0,26
mapa_1,Alta densidad y cuello de botella,A*,164,20261090,14,14,1.00000000,26,0,0,26
mapa_1,Alta densidad y cuello de botella,IDA*,164,20261090,14,14,1.00000000,26,0,0,26
mapa_1,Alta densidad y cuello de botella,GA,164,20261090,14,14,1.00000000,26,0,0,26
mapa_1,Alta densidad y cuello de botella,BFS,165,20261091,14,14,1.00000000,39,0,0,39
mapa_1,Alta densidad y cuello de botella,UCS,165,20261091,14,14,1.00000000,39,0,0,39
mapa_1,Alta densidad y cuello de botella,A*,165,20261091,14,14,1.00000000,39,0,0,39
mapa_1,Alta densidad y cuello de botella,IDA*,165,20261091,14,14,1.00000000,39,0,0,39
mapa_1,Alta densidad y cuello de botella,GA,165,20261091,14,14,1.00000000,39,0,0,39
mapa_1,Alta densidad y cuello de botella,BFS,166,20261092,14,14,1.00000000,33,0,0,33
mapa_1,Alta densidad y cuello de botella,UCS,166,20261092,14,14,1.00000000,33,0,0,33
mapa_1,Alta densidad y cuello de botella,A*,166,20261092,14,14,1.00000000,33,0,0,33
mapa_1,Alta densidad y cuello de botella,IDA*,166,20261092,14,14,1.00000000,33,0,0,33
mapa_1,Alta densidad y cuello de botella,GA,166,20261092,14,14,1.00000000,33,0,0,33
mapa_1,Alta densidad y cuello de botella,BFS,167,20261093,14,7,0.50000000,30,7,0,30
mapa_1,Alta densidad y cuello de botella,UCS,167,20261093,14,7,0.50000000,30,7,0,30
mapa_1,Alta densidad y cuello de botella,A*,167,20261093,14,9,0.64285714,32,5,0,32
mapa_1,Alta densidad y cuello de botella,IDA*,167,20261093,14,7,0.50000000,30,7,0,30
mapa_1,Alta densidad y cuello de botella,GA,167,20261093,14,7,0.50000000,30,7,0,42
mapa_1,Alta densidad y cuello de botella,BFS,168,20261094,14,14,1.00000000,36,0,0,36
mapa_1,Alta densidad y cuello de botella,UCS,168,20261094,14,14,1.00000000,36,0,0,36
mapa_1,Alta densidad y cuello de botella,A*,168,20261094,14,14,1.00000000,36,0,0,36
mapa_1,Alta densidad y cuello de botella,IDA*,168,20261094,14,14,1.00000000,36,0,0,36
mapa_1,Alta densidad y cuello de botella,GA,168,20261094,14,14,1.00000000,38,0,0,38
mapa_1,Alta densidad y cuello de botella,BFS,169,20261095,14,14,1.00000000,38,0,0,38
mapa_1,Alta densidad y cuello de botella,UCS,169,20261095,14,14,1.00000000,38,0,0,38
mapa_1,Alta densidad y cuello de botella,A*,169,20261095,14,14,1.00000000,38,0,0,38
mapa_1,Alta densidad y cuello de botella,IDA*,169,20261095,14,14,1.00000000,38,0,0,38
mapa_1,Alta densidad y cuello de botella,GA,169,20261095,14,14,1.00000000,38,0,0,38
mapa_1,Alta densidad y cuello de botella,BFS,170,20261096,14,14,1.00000000,36,0,0,36
mapa_1,Alta densidad y cuello de botella,UCS,170,20261096,14,14,1.00000000,36,0,0,36
mapa_1,Alta densidad y cuello de botella,A*,170,20261096,14,14,1.00000000,36,0,0,36
mapa_1,Alta densidad y cuello de botella,IDA*,170,20261096,14,14,1.00000000,36,0,0,36
mapa_1,Alta densidad y cuello de botella,GA,170,20261096,14,14,1.00000000,36,0,0,36
mapa_1,Alta densidad y cuello de botella,BFS,171,20261097,14,12,0.85714286,25,2,0,25
mapa_1,Alta densidad y cuello de botella,UCS,171,20261097,14,12,0.85714286,25,2,0,25
mapa_1,Alta densidad y cuello de botella,A*,171,20261097,14,13,0.92857143,31,1,0,31
mapa_1,Alta densidad y cuello de botella,IDA*,171,20261097,14,12,0.85714286,25,2,0,25
mapa_1,Alta densidad y cuello de botella,GA,171,20261097,14,12,0.85714286,25,2,0,25
mapa_1,Alta densidad y cuello de botella,BFS,172,20261098,14,14,1.00000000,32,0,0,32
mapa_1,Alta densidad y cuello de botella,UCS,172,20261098,14,14,1.00000000,32,0,0,32
mapa_1,Alta densidad y cuello de botella,A*,172,20261098,14,14,1.00000000,32,0,0,32
mapa_1,Alta densidad y cuello de botella,IDA*,172,20261098,14,14,1.00000000,32,0,0,32
mapa_1,Alta densidad y cuello de botella,GA,172,20261098,14,14,1.00000000,32,0,0,32
mapa_1,Alta densidad y cuello de botella,BFS,173,20261099,14,13,0.92857143,29,1,0,29
mapa_1,Alta densidad y cuello de botella,UCS,173,20261099,14,13,0.92857143,29,1,0,29
mapa_1,Alta densidad y cuello de botella,A*,173,20261099,14,13,0.92857143,29,1,0,29
mapa_1,Alta densidad y cuello de botella,IDA*,173,20261099,14,13,0.92857143,29,1,0,29
mapa_1,Alta densidad y cuello de botella,GA,173,20261099,14,13,0.92857143,29,1,0,29
mapa_1,Alta densidad y cuello de botella,BFS,174,20261100,14,12,0.85714286,29,2,0,29
mapa_1,Alta densidad y cuello de botella,UCS,174,20261100,14,12,0.85714286,29,2,0,29
mapa_1,Alta densidad y cuello de botella,A*,174,20261100,14,12,0.85714286,29,2,0,30
mapa_1,Alta densidad y cuello de botella,IDA*,174,20261100,14,12,0.85714286,29,2,0,29
mapa_1,Alta densidad y cuello de botella,GA,174,20261100,14,12,0.85714286,29,2,0,29
mapa_1,Alta densidad y cuello de botella,BFS,175,20261101,14,14,1.00000000,37,0,0,37
mapa_1,Alta densidad y cuello de botella,UCS,175,20261101,14,14,1.00000000,37,0,0,37
mapa_1,Alta densidad y cuello de botella,A*,175,20261101,14,14,1.00000000,37,0,0,37
mapa_1,Alta densidad y cuello de botella,IDA*,175,20261101,14,14,1.00000000,37,0,0,37
mapa_1,Alta densidad y cuello de botella,GA,175,20261101,14,14,1.00000000,37,0,0,37
mapa_1,Alta densidad y cuello de botella,BFS,176,20261102,14,14,1.00000000,35,0,0,35
mapa_1,Alta densidad y cuello de botella,UCS,176,20261102,14,14,1.00000000,35,0,0,35
mapa_1,Alta densidad y cuello de botella,A*,176,20261102,14,14,1.00000000,35,0,0,35
mapa_1,Alta densidad y cuello de botella,IDA*,176,20261102,14,14,1.00000000,35,0,0,35
mapa_1,Alta densidad y cuello de botella,GA,176,20261102,14,14,1.00000000,35,0,0,35
mapa_1,Alta densidad y cuello de botella,BFS,177,20261103,14,14,1.00000000,29,0,0,29
mapa_1,Alta densidad y cuello de botella,UCS,177,20261103,14,14,1.00000000,29,0,0,29
mapa_1,Alta densidad y cuello de botella,A*,177,20261103,14,14,1.00000000,29,0,0,29
mapa_1,Alta densidad y cuello de botella,IDA*,177,20261103,14,14,1.00000000,29,0,0,29
mapa_1,Alta densidad y cuello de botella,GA,177,20261103,14,14,1.00000000,29,0,0,29
mapa_1,Alta densidad y cuello de botella,BFS,178,20261104,14,14,1.00000000,36,0,0,36
mapa_1,Alta densidad y cuello de botella,UCS,178,20261104,14,14,1.00000000,36,0,0,36
mapa_1,Alta densidad y cuello de botella,A*,178,20261104,14,14,1.00000000,36,0,0,36
mapa_1,Alta densidad y cuello de botella,IDA*,178,20261104,14,14,1.00000000,36,0,0,36
mapa_1,Alta densidad y cuello de botella,GA,178,20261104,14,14,1.00000000,36,0,0,36
mapa_1,Alta densidad y cuello de botella,BFS,179,20261105,14,14,1.00000000,36,0,0,36
mapa_1,Alta densidad y cuello de botella,UCS,179,20261105,14,14,1.00000000,36,0,0,36
mapa_1,Alta densidad y cuello de botella,A*,179,20261105,14,14,1.00000000,36,0,0,36
mapa_1,Alta densidad y cuello de botella,IDA*,179,20261105,14,14,1.00000000,36,0,0,36
mapa_1,Alta densidad y cuello de botella,GA,179,20261105,14,14,1.00000000,36,0,0,36
mapa_1,Alta densidad y cuello de botella,BFS,180,20261106,14,14,1.00000000,37,0,0,37
mapa_1,Alta densidad y cuello de botella,UCS,180,20261106,14,14,1.00000000,37,0,0,37
mapa_1,Alta densidad y cuello de botella,A*,180,20261106,14,14,1.00000000,37,0,0,37
mapa_1,Alta densidad y cuello de botella,IDA*,180,20261106,14,14,1.00000000,37,0,0,37
mapa_1,Alta densidad y cuello de botella,GA,180,20261106,14,14,1.00000000,37,0,0,37
mapa_1,Alta densidad y cuello de botella,BFS,181,20261107,14,12,0.85714286,27,2,0,27
mapa_1,Alta densidad y cuello de botella,UCS,181,20261107,14,12,0.85714286,27,2,0,27
mapa_1,Alta densidad y cuello de botella,A*,181,20261107,14,12,0.85714286,27,2,0,27
mapa_1,Alta densidad y cuello de botella,IDA*,181,20261107,14,12,0.85714286,27,2,0,27
mapa_1,Alta densidad y cuello de botella,GA,181,20261107,14,12,0.85714286,27,2,0,27
mapa_1,Alta densidad y cuello de botella,BFS,182,20261108,14,12,0.85714286,26,2,0,33
mapa_1,Alta densidad y cuello de botella,UCS,182,20261108,14,12,0.85714286,26,2,0,33
mapa_1,Alta densidad y cuello de botella,A*,182,20261108,14,12,0.85714286,26,2,0,33
mapa_1,Alta densidad y cuello de botella,IDA*,182,20261108,14,12,0.85714286,26,2,0,33
mapa_1,Alta densidad y cuello de botella,GA,182,20261108,14,12,0.85714286,26,2,0,33
mapa_1,Alta densidad y cuello de botella,BFS,183,20261109,14,14,1.00000000,37,0,0,37
mapa_1,Alta densidad y cuello de botella,UCS,183,20261109,14,14,1.00000000,37,0,0,37
mapa_1,Alta densidad y cuello de botella,A*,183,20261109,14,14,1.00000000,37,0,0,37
mapa_1,Alta densidad y cuello de botella,IDA*,183,20261109,14,14,1.00000000,37,0,0,37
mapa_1,Alta densidad y cuello de botella,GA,183,20261109,14,14,1.00000000,39,0,0,39
mapa_1,Alta densidad y cuello de botella,BFS,184,20261110,14,14,1.00000000,37,0,0,37
mapa_1,Alta densidad y cuello de botella,UCS,184,20261110,14,14,1.00000000,37,0,0,37
mapa_1,Alta densidad y cuello de botella,A*,184,20261110,14,14,1.00000000,37,0,0,37
mapa_1,Alta densidad y cuello de botella,IDA*,184,20261110,14,14,1.00000000,37,0,0,37
mapa_1,Alta densidad y cuello de botella,GA,184,20261110,14,13,0.92857143,34,1,0,34
mapa_1,Alta densidad y cuello de botella,BFS,185,20261111,14,14,1.00000000,36,0,0,36
mapa_1,Alta densidad y cuello de botella,UCS,185,20261111,14,14,1.00000000,36,0,0,36
mapa_1,Alta densidad y cuello de botella,A*,185,20261111,14,14,1.00000000,36,0,0,36
mapa_1,Alta densidad y cuello de botella,IDA*,185,20261111,14,14,1.00000000,36,0,0,36
mapa_1,Alta densidad y cuello de botella,GA,185,20261111,14,14,1.00000000,36,0,0,36
mapa_1,Alta densidad y cuello de botella,BFS,186,20261112,14,14,1.00000000,37,0,0,37
mapa_1,Alta densidad y cuello de botella,UCS,186,20261112,14,14,1.00000000,37,0,0,37
mapa_1,Alta densidad y cuello de botella,A*,186,20261112,14,14,1.00000000,37,0,0,37
mapa_1,Alta densidad y cuello de botella,IDA*,186,20261112,14,14,1.00000000,37,0,0,37
mapa_1,Alta densidad y cuello de botella,GA,186,20261112,14,14,1.00000000,37,0,0,37
mapa_1,Alta densidad y cuello de botella,BFS,187,20261113,14,14,1.00000000,38,0,0,38
mapa_1,Alta densidad y cuello de botella,UCS,187,20261113,14,14,1.00000000,38,0,0,38
mapa_1,Alta densidad y cuello de botella,A*,187,20261113,14,14,1.00000000,38,0,0,38
mapa_1,Alta densidad y cuello de botella,IDA*,187,20261113,14,14,1.00000000,38,0,0,38
mapa_1,Alta densidad y cuello de botella,GA,187,20261113,14,14,1.00000000,38,0,0,38
mapa_1,Alta densidad y cuello de botella,BFS,188,20261114,14,14,1.00000000,37,0,0,37
mapa_1,Alta densidad y cuello de botella,UCS,188,20261114,14,14,1.00000000,37,0,0,37
mapa_1,Alta densidad y cuello de botella,A*,188,20261114,14,14,1.00000000,37,0,0,37
mapa_1,Alta densidad y cuello de botella,IDA*,188,20261114,14,14,1.00000000,37,0,0,37
mapa_1,Alta densidad y cuello de botella,GA,188,20261114,14,14,1.00000000,37,0,0,37
mapa_1,Alta densidad y cuello de botella,BFS,189,20261115,14,13,0.92857143,22,1,0,22
mapa_1,Alta densidad y cuello de botella,UCS,189,20261115,14,13,0.92857143,22,1,0,22
mapa_1,Alta densidad y cuello de botella,A*,189,20261115,14,13,0.92857143,22,1,0,22
mapa_1,Alta densidad y cuello de botella,IDA*,189,20261115,14,13,0.92857143,22,1,0,22
mapa_1,Alta densidad y cuello de botella,GA,189,20261115,14,13,0.92857143,22,1,0,22
mapa_1,Alta densidad y cuello de botella,BFS,190,20261116,14,14,1.00000000,35,0,0,35
mapa_1,Alta densidad y cuello de botella,UCS,190,20261116,14,14,1.00000000,35,0,0,35
mapa_1,Alta densidad y cuello de botella,A*,190,20261116,14,14,1.00000000,35,0,0,35
mapa_1,Alta densidad y cuello de botella,IDA*,190,20261116,14,14,1.00000000,35,0,0,35
mapa_1,Alta densidad y cuello de botella,GA,190,20261116,14,14,1.00000000,35,0,0,35
mapa_1,Alta densidad y cuello de botella,BFS,191,20261117,14,14,1.00000000,32,0,0,32
mapa_1,Alta densidad y cuello de botella,UCS,191,20261117,14,14,1.00000000,32,0,0,32
mapa_1,Alta densidad y cuello de botella,A*,191,20261117,14,14,1.00000000,32,0,0,32
mapa_1,Alta densidad y cuello de botella,IDA*,191,20261117,14,14,1.00000000,32,0,0,32
mapa_1,Alta densidad y cuello de botella,GA,191,20261117,14,14,1.00000000,32,0,0,32
mapa_1,Alta densidad y cuello de botella,BFS,192,20261118,14,13,0.92857143,28,1,0,28
mapa_1,Alta densidad y cuello de botella,UCS,192,20261118,14,13,0.92857143,28,1,0,28
mapa_1,Alta densidad y cuello de botella,A*,192,20261118,14,13,0.92857143,28,1,0,28
mapa_1,Alta densidad y cuello de botella,IDA*,192,20261118,14,13,0.92857143,28,1,0,28
mapa_1,Alta densidad y cuello de botella,GA,192,20261118,14,13,0.92857143,28,1,0,28
mapa_1,Alta densidad y cuello de botella,BFS,193,20261119,14,12,0.85714286,28,2,0,28
mapa_1,Alta densidad y cuello de botella,UCS,193,20261119,14,12,0.85714286,28,2,0,28
mapa_1,Alta densidad y cuello de botella,A*,193,20261119,14,12,0.85714286,28,2,0,28
mapa_1,Alta densidad y cuello de botella,IDA*,193,20261119,14,12,0.85714286,28,2,0,28
mapa_1,Alta densidad y cuello de botella,GA,193,20261119,14,12,0.85714286,28,2,0,28
mapa_1,Alta densidad y cuello de botella,BFS,194,20261120,14,14,1.00000000,36,0,0,36
mapa_1,Alta densidad y cuello de botella,UCS,194,20261120,14,14,1.00000000,36,0,0,36
mapa_1,Alta densidad y cuello de botella,A*,194,20261120,14,14,1.00000000,36,0,0,36
mapa_1,Alta densidad y cuello de botella,IDA*,194,20261120,14,14,1.00000000,36,0,0,36
mapa_1,Alta densidad y cuello de botella,GA,194,20261120,14,14,1.00000000,36,0,0,36
mapa_1,Alta densidad y cuello de botella,BFS,195,20261121,14,13,0.92857143,27,1,0,27
mapa_1,Alta densidad y cuello de botella,UCS,195,20261121,14,13,0.92857143,27,1,0,27
mapa_1,Alta densidad y cuello de botella,A*,195,20261121,14,13,0.92857143,27,1,0,27
mapa_1,Alta densidad y cuello de botella,IDA*,195,20261121,14,13,0.92857143,27,1,0,27
mapa_1,Alta densidad y cuello de botella,GA,195,20261121,14,13,0.92857143,27,1,0,27
mapa_1,Alta densidad y cuello de botella,BFS,196,20261122,14,14,1.00000000,34,0,0,34
mapa_1,Alta densidad y cuello de botella,UCS,196,20261122,14,14,1.00000000,34,0,0,34
mapa_1,Alta densidad y cuello de botella,A*,196,20261122,14,14,1.00000000,34,0,0,34
mapa_1,Alta densidad y cuello de botella,IDA*,196,20261122,14,14,1.00000000,34,0,0,34
mapa_1,Alta densidad y cuello de botella,GA,196,20261122,14,14,1.00000000,34,0,0,34
mapa_1,Alta densidad y cuello de botella,BFS,197,20261123,14,14,1.00000000,35,0,0,35
mapa_1,Alta densidad y cuello de botella,UCS,197,20261123,14,14,1.00000000,35,0,0,35
mapa_1,Alta densidad y cuello de botella,A*,197,20261123,14,14,1.00000000,35,0,0,35
mapa_1,Alta densidad y cuello de botella,IDA*,197,20261123,14,14,1.00000000,35,0,0,35
mapa_1,Alta densidad y cuello de botella,GA,197,20261123,14,14,1.00000000,35,0,0,35
mapa_1,Alta densidad y cuello de botella,BFS,198,20261124,14,14,1.00000000,34,0,0,34
mapa_1,Alta densidad y cuello de botella,UCS,198,20261124,14,14,1.00000000,34,0,0,34
mapa_1,Alta densidad y cuello de botella,A*,198,20261124,14,14,1.00000000,34,0,0,34
mapa_1,Alta densidad y cuello de botella,IDA*,198,20261124,14,14,1.00000000,34,0,0,34
mapa_1,Alta densidad y cuello de botella,GA,198,20261124,14,14,1.00000000,34,0,0,34
mapa_1,Alta densidad y cuello de botella,BFS,199,20261125,14,14,1.00000000,32,0,0,32
mapa_1,Alta densidad y cuello de botella,UCS,199,20261125,14,14,1.00000000,32,0,0,32
mapa_1,Alta densidad y cuello de botella,A*,199,20261125,14,14,1.00000000,32,0,0,32
mapa_1,Alta densidad y cuello de botella,IDA*,199,20261125,14,14,1.00000000,32,0,0,32
mapa_1,Alta densidad y cuello de botella,GA,199,20261125,14,14,1.00000000,32,0,0,32
mapa_1,Alta densidad y cuello de botella,BFS,200,20261126,14,14,1.00000000,35,0,0,35
mapa_1,Alta densidad y cuello de botella,UCS,200,20261126,14,14,1.00000000,35,0,0,35
mapa_1,Alta densidad y cuello de botella,A*,200,20261126,14,14,1.00000000,35,0,0,35
mapa_1,Alta densidad y cuello de botella,IDA*,200,20261126,14,14,1.00000000,35,0,0,35
mapa_1,Alta densidad y cuello de botella,GA,200,20261126,14,14,1.00000000,35,0,0,35
mapa_2,Densidad media y laberinto corporativo,BFS,1,21260927,16,16,1.00000000,30,0,0,30
mapa_2,Densidad media y laberinto corporativo,UCS,1,21260927,16,16,1.00000000,32,0,0,32
mapa_2,Densidad media y laberinto corporativo,A*,1,21260927,16,16,1.00000000,32,0,0,32
mapa_2,Densidad media y laberinto corporativo,IDA*,1,21260927,16,16,1.00000000,32,0,0,32
mapa_2,Densidad media y laberinto corporativo,GA,1,21260927,16,16,1.00000000,38,0,0,38
mapa_2,Densidad media y laberinto corporativo,BFS,2,21260928,16,16,1.00000000,28,0,0,28
mapa_2,Densidad media y laberinto corporativo,UCS,2,21260928,16,16,1.00000000,36,0,0,36
mapa_2,Densidad media y laberinto corporativo,A*,2,21260928,16,16,1.00000000,30,0,0,30
mapa_2,Densidad media y laberinto corporativo,IDA*,2,21260928,16,16,1.00000000,36,0,0,36
mapa_2,Densidad media y laberinto corporativo,GA,2,21260928,16,16,1.00000000,32,0,0,32
mapa_2,Densidad media y laberinto corporativo,BFS,3,21260929,16,15,0.93750000,41,1,0,41
mapa_2,Densidad media y laberinto corporativo,UCS,3,21260929,16,16,1.00000000,41,0,0,41
mapa_2,Densidad media y laberinto corporativo,A*,3,21260929,16,16,1.00000000,37,0,0,37
mapa_2,Densidad media y laberinto corporativo,IDA*,3,21260929,16,16,1.00000000,41,0,0,41
mapa_2,Densidad media y laberinto corporativo,GA,3,21260929,16,16,1.00000000,42,0,0,42
mapa_2,Densidad media y laberinto corporativo,BFS,4,21260930,16,16,1.00000000,36,0,0,36
mapa_2,Densidad media y laberinto corporativo,UCS,4,21260930,16,16,1.00000000,36,0,0,36
mapa_2,Densidad media y laberinto corporativo,A*,4,21260930,16,16,1.00000000,36,0,0,36
mapa_2,Densidad media y laberinto corporativo,IDA*,4,21260930,16,16,1.00000000,36,0,0,36
mapa_2,Densidad media y laberinto corporativo,GA,4,21260930,16,16,1.00000000,38,0,0,38
mapa_2,Densidad media y laberinto corporativo,BFS,5,21260931,16,16,1.00000000,23,0,0,23
mapa_2,Densidad media y laberinto corporativo,UCS,5,21260931,16,16,1.00000000,23,0,0,23
mapa_2,Densidad media y laberinto corporativo,A*,5,21260931,16,16,1.00000000,23,0,0,23
mapa_2,Densidad media y laberinto corporativo,IDA*,5,21260931,16,16,1.00000000,23,0,0,23
mapa_2,Densidad media y laberinto corporativo,GA,5,21260931,16,16,1.00000000,27,0,0,27
mapa_2,Densidad media y laberinto corporativo,BFS,6,21260932,16,16,1.00000000,25,0,0,25
mapa_2,Densidad media y laberinto corporativo,UCS,6,21260932,16,16,1.00000000,26,0,0,26
mapa_2,Densidad media y laberinto corporativo,A*,6,21260932,16,16,1.00000000,26,0,0,26
mapa_2,Densidad media y laberinto corporativo,IDA*,6,21260932,16,16,1.00000000,26,0,0,26
mapa_2,Densidad media y laberinto corporativo,GA,6,21260932,16,16,1.00000000,28,0,0,28
mapa_2,Densidad media y laberinto corporativo,BFS,7,21260933,16,15,0.93750000,30,1,0,30
mapa_2,Densidad media y laberinto corporativo,UCS,7,21260933,16,15,0.93750000,30,1,0,30
mapa_2,Densidad media y laberinto corporativo,A*,7,21260933,16,15,0.93750000,30,1,0,30
mapa_2,Densidad media y laberinto corporativo,IDA*,7,21260933,16,15,0.93750000,30,1,0,30
mapa_2,Densidad media y laberinto corporativo,GA,7,21260933,16,15,0.93750000,38,1,0,38
mapa_2,Densidad media y laberinto corporativo,BFS,8,21260934,16,16,1.00000000,29,0,0,29
mapa_2,Densidad media y laberinto corporativo,UCS,8,21260934,16,16,1.00000000,29,0,0,29
mapa_2,Densidad media y laberinto corporativo,A*,8,21260934,16,16,1.00000000,29,0,0,29
mapa_2,Densidad media y laberinto corporativo,IDA*,8,21260934,16,16,1.00000000,29,0,0,29
mapa_2,Densidad media y laberinto corporativo,GA,8,21260934,16,16,1.00000000,31,0,0,31
mapa_2,Densidad media y laberinto corporativo,BFS,9,21260935,16,16,1.00000000,30,0,0,30
mapa_2,Densidad media y laberinto corporativo,UCS,9,21260935,16,16,1.00000000,30,0,0,30
mapa_2,Densidad media y laberinto corporativo,A*,9,21260935,16,16,1.00000000,30,0,0,30
mapa_2,Densidad media y laberinto corporativo,IDA*,9,21260935,16,16,1.00000000,30,0,0,30
mapa_2,Densidad media y laberinto corporativo,GA,9,21260935,16,16,1.00000000,36,0,0,36
mapa_2,Densidad media y laberinto corporativo,BFS,10,21260936,16,16,1.00000000,29,0,0,29
mapa_2,Densidad media y laberinto corporativo,UCS,10,21260936,16,16,1.00000000,29,0,0,29
mapa_2,Densidad media y laberinto corporativo,A*,10,21260936,16,16,1.00000000,29,0,0,29
mapa_2,Densidad media y laberinto corporativo,IDA*,10,21260936,16,16,1.00000000,29,0,0,29
mapa_2,Densidad media y laberinto corporativo,GA,10,21260936,16,16,1.00000000,39,0,0,39
mapa_2,Densidad media y laberinto corporativo,BFS,11,21260937,16,16,1.00000000,28,0,0,28
mapa_2,Densidad media y laberinto corporativo,UCS,11,21260937,16,16,1.00000000,28,0,0,28
mapa_2,Densidad media y laberinto corporativo,A*,11,21260937,16,16,1.00000000,28,0,0,28
mapa_2,Densidad media y laberinto corporativo,IDA*,11,21260937,16,16,1.00000000,28,0,0,28
mapa_2,Densidad media y laberinto corporativo,GA,11,21260937,16,16,1.00000000,35,0,0,35
mapa_2,Densidad media y laberinto corporativo,BFS,12,21260938,16,16,1.00000000,29,0,0,29
mapa_2,Densidad media y laberinto corporativo,UCS,12,21260938,16,16,1.00000000,31,0,0,31
mapa_2,Densidad media y laberinto corporativo,A*,12,21260938,16,16,1.00000000,31,0,0,31
mapa_2,Densidad media y laberinto corporativo,IDA*,12,21260938,16,16,1.00000000,31,0,0,31
mapa_2,Densidad media y laberinto corporativo,GA,12,21260938,16,16,1.00000000,34,0,0,34
mapa_2,Densidad media y laberinto corporativo,BFS,13,21260939,16,16,1.00000000,25,0,0,25
mapa_2,Densidad media y laberinto corporativo,UCS,13,21260939,16,16,1.00000000,25,0,0,25
mapa_2,Densidad media y laberinto corporativo,A*,13,21260939,16,16,1.00000000,25,0,0,25
mapa_2,Densidad media y laberinto corporativo,IDA*,13,21260939,16,16,1.00000000,25,0,0,25
mapa_2,Densidad media y laberinto corporativo,GA,13,21260939,16,16,1.00000000,31,0,0,31
mapa_2,Densidad media y laberinto corporativo,BFS,14,21260940,16,16,1.00000000,27,0,0,27
mapa_2,Densidad media y laberinto corporativo,UCS,14,21260940,16,16,1.00000000,28,0,0,28
mapa_2,Densidad media y laberinto corporativo,A*,14,21260940,16,16,1.00000000,28,0,0,28
mapa_2,Densidad media y laberinto corporativo,IDA*,14,21260940,16,16,1.00000000,28,0,0,28
mapa_2,Densidad media y laberinto corporativo,GA,14,21260940,16,16,1.00000000,33,0,0,33
mapa_2,Densidad media y laberinto corporativo,BFS,15,21260941,16,16,1.00000000,28,0,0,28
mapa_2,Densidad media y laberinto corporativo,UCS,15,21260941,16,16,1.00000000,28,0,0,28
mapa_2,Densidad media y laberinto corporativo,A*,15,21260941,16,16,1.00000000,28,0,0,28
mapa_2,Densidad media y laberinto corporativo,IDA*,15,21260941,16,16,1.00000000,28,0,0,28
mapa_2,Densidad media y laberinto corporativo,GA,15,21260941,16,16,1.00000000,36,0,0,36
mapa_2,Densidad media y laberinto corporativo,BFS,16,21260942,16,15,0.93750000,27,1,0,27
mapa_2,Densidad media y laberinto corporativo,UCS,16,21260942,16,15,0.93750000,27,1,0,27
mapa_2,Densidad media y laberinto corporativo,A*,16,21260942,16,15,0.93750000,27,1,0,27
mapa_2,Densidad media y laberinto corporativo,IDA*,16,21260942,16,15,0.93750000,27,1,0,27
mapa_2,Densidad media y laberinto corporativo,GA,16,21260942,16,15,0.93750000,35,1,0,35
mapa_2,Densidad media y laberinto corporativo,BFS,17,21260943,16,15,0.93750000,29,1,0,29
mapa_2,Densidad media y laberinto corporativo,UCS,17,21260943,16,15,0.93750000,29,1,0,29
mapa_2,Densidad media y laberinto corporativo,A*,17,21260943,16,15,0.93750000,29,1,0,29
mapa_2,Densidad media y laberinto corporativo,IDA*,17,21260943,16,15,0.93750000,29,1,0,29
mapa_2,Densidad media y laberinto corporativo,GA,17,21260943,16,15,0.93750000,33,1,0,33
mapa_2,Densidad media y laberinto corporativo,BFS,18,21260944,16,15,0.93750000,27,1,0,27
mapa_2,Densidad media y laberinto corporativo,UCS,18,21260944,16,15,0.93750000,29,1,0,29
mapa_2,Densidad media y laberinto corporativo,A*,18,21260944,16,15,0.93750000,29,1,0,29
mapa_2,Densidad media y laberinto corporativo,IDA*,18,21260944,16,15,0.93750000,29,1,0,29
mapa_2,Densidad media y laberinto corporativo,GA,18,21260944,16,15,0.93750000,33,1,0,33
mapa_2,Densidad media y laberinto corporativo,BFS,19,21260945,16,16,1.00000000,29,0,0,29
mapa_2,Densidad media y laberinto corporativo,UCS,19,21260945,16,16,1.00000000,32,0,0,32
mapa_2,Densidad media y laberinto corporativo,A*,19,21260945,16,16,1.00000000,29,0,0,29
mapa_2,Densidad media y laberinto corporativo,IDA*,19,21260945,16,16,1.00000000,32,0,0,32
mapa_2,Densidad media y laberinto corporativo,GA,19,21260945,16,16,1.00000000,37,0,0,37
mapa_2,Densidad media y laberinto corporativo,BFS,20,21260946,16,16,1.00000000,29,0,0,29
mapa_2,Densidad media y laberinto corporativo,UCS,20,21260946,16,16,1.00000000,30,0,0,30
mapa_2,Densidad media y laberinto corporativo,A*,20,21260946,16,16,1.00000000,29,0,0,29
mapa_2,Densidad media y laberinto corporativo,IDA*,20,21260946,16,16,1.00000000,30,0,0,30
mapa_2,Densidad media y laberinto corporativo,GA,20,21260946,16,16,1.00000000,31,0,0,31
mapa_2,Densidad media y laberinto corporativo,BFS,21,21260947,16,15,0.93750000,27,1,0,27
mapa_2,Densidad media y laberinto corporativo,UCS,21,21260947,16,15,0.93750000,27,1,0,27
mapa_2,Densidad media y laberinto corporativo,A*,21,21260947,16,15,0.93750000,27,1,0,27
mapa_2,Densidad media y laberinto corporativo,IDA*,21,21260947,16,15,0.93750000,27,1,0,27
mapa_2,Densidad media y laberinto corporativo,GA,21,21260947,16,15,0.93750000,33,1,0,33
mapa_2,Densidad media y laberinto corporativo,BFS,22,21260948,16,16,1.00000000,33,0,0,33
mapa_2,Densidad media y laberinto corporativo,UCS,22,21260948,16,16,1.00000000,35,0,0,35
mapa_2,Densidad media y laberinto corporativo,A*,22,21260948,16,16,1.00000000,33,0,0,33
mapa_2,Densidad media y laberinto corporativo,IDA*,22,21260948,16,16,1.00000000,35,0,0,35
mapa_2,Densidad media y laberinto corporativo,GA,22,21260948,16,16,1.00000000,37,0,0,37
mapa_2,Densidad media y laberinto corporativo,BFS,23,21260949,16,16,1.00000000,29,0,0,29
mapa_2,Densidad media y laberinto corporativo,UCS,23,21260949,16,16,1.00000000,33,0,0,33
mapa_2,Densidad media y laberinto corporativo,A*,23,21260949,16,16,1.00000000,33,0,0,33
mapa_2,Densidad media y laberinto corporativo,IDA*,23,21260949,16,16,1.00000000,33,0,0,33
mapa_2,Densidad media y laberinto corporativo,GA,23,21260949,16,16,1.00000000,33,0,0,33
mapa_2,Densidad media y laberinto corporativo,BFS,24,21260950,16,16,1.00000000,30,0,0,30
mapa_2,Densidad media y laberinto corporativo,UCS,24,21260950,16,16,1.00000000,30,0,0,30
mapa_2,Densidad media y laberinto corporativo,A*,24,21260950,16,16,1.00000000,30,0,0,30
mapa_2,Densidad media y laberinto corporativo,IDA*,24,21260950,16,16,1.00000000,30,0,0,30
mapa_2,Densidad media y laberinto corporativo,GA,24,21260950,16,16,1.00000000,37,0,0,37
mapa_2,Densidad media y laberinto corporativo,BFS,25,21260951,16,16,1.00000000,27,0,0,27
mapa_2,Densidad media y laberinto corporativo,UCS,25,21260951,16,16,1.00000000,28,0,0,28
mapa_2,Densidad media y laberinto corporativo,A*,25,21260951,16,16,1.00000000,28,0,0,28
mapa_2,Densidad media y laberinto corporativo,IDA*,25,21260951,16,16,1.00000000,28,0,0,28
mapa_2,Densidad media y laberinto corporativo,GA,25,21260951,16,16,1.00000000,31,0,0,31
mapa_2,Densidad media y laberinto corporativo,BFS,26,21260952,16,16,1.00000000,30,0,0,30
mapa_2,Densidad media y laberinto corporativo,UCS,26,21260952,16,16,1.00000000,30,0,0,30
mapa_2,Densidad media y laberinto corporativo,A*,26,21260952,16,16,1.00000000,30,0,0,30
mapa_2,Densidad media y laberinto corporativo,IDA*,26,21260952,16,16,1.00000000,30,0,0,30
mapa_2,Densidad media y laberinto corporativo,GA,26,21260952,16,16,1.00000000,35,0,0,35
mapa_2,Densidad media y laberinto corporativo,BFS,27,21260953,16,16,1.00000000,24,0,0,24
mapa_2,Densidad media y laberinto corporativo,UCS,27,21260953,16,16,1.00000000,26,0,0,26
mapa_2,Densidad media y laberinto corporativo,A*,27,21260953,16,16,1.00000000,24,0,0,24
mapa_2,Densidad media y laberinto corporativo,IDA*,27,21260953,16,16,1.00000000,26,0,0,26
mapa_2,Densidad media y laberinto corporativo,GA,27,21260953,16,16,1.00000000,32,0,0,32
mapa_2,Densidad media y laberinto corporativo,BFS,28,21260954,16,16,1.00000000,28,0,0,28
mapa_2,Densidad media y laberinto corporativo,UCS,28,21260954,16,16,1.00000000,28,0,0,28
mapa_2,Densidad media y laberinto corporativo,A*,28,21260954,16,16,1.00000000,28,0,0,28
mapa_2,Densidad media y laberinto corporativo,IDA*,28,21260954,16,16,1.00000000,28,0,0,28
mapa_2,Densidad media y laberinto corporativo,GA,28,21260954,16,16,1.00000000,31,0,0,31
mapa_2,Densidad media y laberinto corporativo,BFS,29,21260955,16,16,1.00000000,30,0,0,30
mapa_2,Densidad media y laberinto corporativo,UCS,29,21260955,16,16,1.00000000,30,0,0,30
mapa_2,Densidad media y laberinto corporativo,A*,29,21260955,16,16,1.00000000,30,0,0,30
mapa_2,Densidad media y laberinto corporativo,IDA*,29,21260955,16,16,1.00000000,30,0,0,30
mapa_2,Densidad media y laberinto corporativo,GA,29,21260955,16,16,1.00000000,34,0,0,34
mapa_2,Densidad media y laberinto corporativo,BFS,30,21260956,16,16,1.00000000,29,0,0,29
mapa_2,Densidad media y laberinto corporativo,UCS,30,21260956,16,16,1.00000000,29,0,0,29
mapa_2,Densidad media y laberinto corporativo,A*,30,21260956,16,16,1.00000000,29,0,0,29
mapa_2,Densidad media y laberinto corporativo,IDA*,30,21260956,16,16,1.00000000,29,0,0,29
mapa_2,Densidad media y laberinto corporativo,GA,30,21260956,16,16,1.00000000,30,0,0,30
mapa_2,Densidad media y laberinto corporativo,BFS,31,21260957,16,15,0.93750000,28,1,0,28
mapa_2,Densidad media y laberinto corporativo,UCS,31,21260957,16,15,0.93750000,29,1,0,29
mapa_2,Densidad media y laberinto corporativo,A*,31,21260957,16,15,0.93750000,29,1,0,29
mapa_2,Densidad media y laberinto corporativo,IDA*,31,21260957,16,15,0.93750000,29,1,0,29
mapa_2,Densidad media y laberinto corporativo,GA,31,21260957,16,15,0.93750000,29,1,0,29
mapa_2,Densidad media y laberinto corporativo,BFS,32,21260958,16,16,1.00000000,29,0,0,29
mapa_2,Densidad media y laberinto corporativo,UCS,32,21260958,16,16,1.00000000,29,0,0,29
mapa_2,Densidad media y laberinto corporativo,A*,32,21260958,16,16,1.00000000,29,0,0,29
mapa_2,Densidad media y laberinto corporativo,IDA*,32,21260958,16,16,1.00000000,29,0,0,29
mapa_2,Densidad media y laberinto corporativo,GA,32,21260958,16,16,1.00000000,36,0,0,36
mapa_2,Densidad media y laberinto corporativo,BFS,33,21260959,16,16,1.00000000,29,0,0,29
mapa_2,Densidad media y laberinto corporativo,UCS,33,21260959,16,16,1.00000000,31,0,0,31
mapa_2,Densidad media y laberinto corporativo,A*,33,21260959,16,16,1.00000000,31,0,0,31
mapa_2,Densidad media y laberinto corporativo,IDA*,33,21260959,16,16,1.00000000,31,0,0,31
mapa_2,Densidad media y laberinto corporativo,GA,33,21260959,16,16,1.00000000,33,0,0,33
mapa_2,Densidad media y laberinto corporativo,BFS,34,21260960,16,13,0.81250000,38,3,0,38
mapa_2,Densidad media y laberinto corporativo,UCS,34,21260960,16,13,0.81250000,38,3,0,38
mapa_2,Densidad media y laberinto corporativo,A*,34,21260960,16,14,0.87500000,38,2,0,38
mapa_2,Densidad media y laberinto corporativo,IDA*,34,21260960,16,13,0.81250000,38,3,0,38
mapa_2,Densidad media y laberinto corporativo,GA,34,21260960,16,13,0.81250000,41,3,0,41
mapa_2,Densidad media y laberinto corporativo,BFS,35,21260961,16,16,1.00000000,30,0,0,30
mapa_2,Densidad media y laberinto corporativo,UCS,35,21260961,16,16,1.00000000,30,0,0,30
mapa_2,Densidad media y laberinto corporativo,A*,35,21260961,16,16,1.00000000,30,0,0,30
mapa_2,Densidad media y laberinto corporativo,IDA*,35,21260961,16,16,1.00000000,30,0,0,30
mapa_2,Densidad media y laberinto corporativo,GA,35,21260961,16,16,1.00000000,35,0,0,35
mapa_2,Densidad media y laberinto corporativo,BFS,36,21260962,16,16,1.00000000,30,0,0,30
mapa_2,Densidad media y laberinto corporativo,UCS,36,21260962,16,16,1.00000000,34,0,0,34
mapa_2,Densidad media y laberinto corporativo,A*,36,21260962,16,16,1.00000000,34,0,0,34
mapa_2,Densidad media y laberinto corporativo,IDA*,36,21260962,16,16,1.00000000,34,0,0,34
mapa_2,Densidad media y laberinto corporativo,GA,36,21260962,16,16,1.00000000,39,0,0,39
mapa_2,Densidad media y laberinto corporativo,BFS,37,21260963,16,16,1.00000000,29,0,0,29
mapa_2,Densidad media y laberinto corporativo,UCS,37,21260963,16,16,1.00000000,29,0,0,29
mapa_2,Densidad media y laberinto corporativo,A*,37,21260963,16,16,1.00000000,29,0,0,29
mapa_2,Densidad media y laberinto corporativo,IDA*,37,21260963,16,16,1.00000000,29,0,0,29
mapa_2,Densidad media y laberinto corporativo,GA,37,21260963,16,16,1.00000000,38,0,0,38
mapa_2,Densidad media y laberinto corporativo,BFS,38,21260964,16,16,1.00000000,25,0,0,25
mapa_2,Densidad media y laberinto corporativo,UCS,38,21260964,16,16,1.00000000,25,0,0,25
mapa_2,Densidad media y laberinto corporativo,A*,38,21260964,16,16,1.00000000,25,0,0,25
mapa_2,Densidad media y laberinto corporativo,IDA*,38,21260964,16,16,1.00000000,25,0,0,25
mapa_2,Densidad media y laberinto corporativo,GA,38,21260964,16,16,1.00000000,25,0,0,25
mapa_2,Densidad media y laberinto corporativo,BFS,39,21260965,16,15,0.93750000,27,1,0,27
mapa_2,Densidad media y laberinto corporativo,UCS,39,21260965,16,15,0.93750000,28,1,0,28
mapa_2,Densidad media y laberinto corporativo,A*,39,21260965,16,15,0.93750000,31,1,0,31
mapa_2,Densidad media y laberinto corporativo,IDA*,39,21260965,16,15,0.93750000,28,1,0,28
mapa_2,Densidad media y laberinto corporativo,GA,39,21260965,16,15,0.93750000,33,1,0,33
mapa_2,Densidad media y laberinto corporativo,BFS,40,21260966,16,16,1.00000000,29,0,0,29
mapa_2,Densidad media y laberinto corporativo,UCS,40,21260966,16,16,1.00000000,29,0,0,29
mapa_2,Densidad media y laberinto corporativo,A*,40,21260966,16,16,1.00000000,29,0,0,29
mapa_2,Densidad media y laberinto corporativo,IDA*,40,21260966,16,16,1.00000000,29,0,0,29
mapa_2,Densidad media y laberinto corporativo,GA,40,21260966,16,16,1.00000000,38,0,0,38
mapa_2,Densidad media y laberinto corporativo,BFS,41,21260967,16,16,1.00000000,27,0,0,27
mapa_2,Densidad media y laberinto corporativo,UCS,41,21260967,16,16,1.00000000,27,0,0,27
mapa_2,Densidad media y laberinto corporativo,A*,41,21260967,16,16,1.00000000,27,0,0,27
mapa_2,Densidad media y laberinto corporativo,IDA*,41,21260967,16,16,1.00000000,27,0,0,27
mapa_2,Densidad media y laberinto corporativo,GA,41,21260967,16,16,1.00000000,28,0,0,28
mapa_2,Densidad media y laberinto corporativo,BFS,42,21260968,16,16,1.00000000,31,0,0,31
mapa_2,Densidad media y laberinto corporativo,UCS,42,21260968,16,16,1.00000000,31,0,0,31
mapa_2,Densidad media y laberinto corporativo,A*,42,21260968,16,16,1.00000000,31,0,0,31
mapa_2,Densidad media y laberinto corporativo,IDA*,42,21260968,16,16,1.00000000,31,0,0,31
mapa_2,Densidad media y laberinto corporativo,GA,42,21260968,16,16,1.00000000,39,0,0,39
mapa_2,Densidad media y laberinto corporativo,BFS,43,21260969,16,16,1.00000000,28,0,0,28
mapa_2,Densidad media y laberinto corporativo,UCS,43,21260969,16,16,1.00000000,28,0,0,28
mapa_2,Densidad media y laberinto corporativo,A*,43,21260969,16,16,1.00000000,28,0,0,28
mapa_2,Densidad media y laberinto corporativo,IDA*,43,21260969,16,16,1.00000000,28,0,0,28
mapa_2,Densidad media y laberinto corporativo,GA,43,21260969,16,16,1.00000000,29,0,0,29
mapa_2,Densidad media y laberinto corporativo,BFS,44,21260970,16,16,1.00000000,27,0,0,27
mapa_2,Densidad media y laberinto corporativo,UCS,44,21260970,16,16,1.00000000,30,0,0,30
mapa_2,Densidad media y laberinto corporativo,A*,44,21260970,16,16,1.00000000,28,0,0,28
mapa_2,Densidad media y laberinto corporativo,IDA*,44,21260970,16,16,1.00000000,30,0,0,30
mapa_2,Densidad media y laberinto corporativo,GA,44,21260970,16,16,1.00000000,36,0,0,36
mapa_2,Densidad media y laberinto corporativo,BFS,45,21260971,16,16,1.00000000,25,0,0,25
mapa_2,Densidad media y laberinto corporativo,UCS,45,21260971,16,16,1.00000000,25,0,0,25
mapa_2,Densidad media y laberinto corporativo,A*,45,21260971,16,16,1.00000000,25,0,0,25
mapa_2,Densidad media y laberinto corporativo,IDA*,45,21260971,16,16,1.00000000,25,0,0,25
mapa_2,Densidad media y laberinto corporativo,GA,45,21260971,16,16,1.00000000,37,0,0,37
mapa_2,Densidad media y laberinto corporativo,BFS,46,21260972,16,16,1.00000000,27,0,0,27
mapa_2,Densidad media y laberinto corporativo,UCS,46,21260972,16,16,1.00000000,27,0,0,27
mapa_2,Densidad media y laberinto corporativo,A*,46,21260972,16,16,1.00000000,27,0,0,27
mapa_2,Densidad media y laberinto corporativo,IDA*,46,21260972,16,16,1.00000000,27,0,0,27
mapa_2,Densidad media y laberinto corporativo,GA,46,21260972,16,16,1.00000000,32,0,0,32
mapa_2,Densidad media y laberinto corporativo,BFS,47,21260973,16,16,1.00000000,28,0,0,28
mapa_2,Densidad media y laberinto corporativo,UCS,47,21260973,16,16,1.00000000,28,0,0,28
mapa_2,Densidad media y laberinto corporativo,A*,47,21260973,16,16,1.00000000,28,0,0,28
mapa_2,Densidad media y laberinto corporativo,IDA*,47,21260973,16,16,1.00000000,28,0,0,28
mapa_2,Densidad media y laberinto corporativo,GA,47,21260973,16,16,1.00000000,32,0,0,32
mapa_2,Densidad media y laberinto corporativo,BFS,48,21260974,16,16,1.00000000,29,0,0,29
mapa_2,Densidad media y laberinto corporativo,UCS,48,21260974,16,16,1.00000000,29,0,0,29
mapa_2,Densidad media y laberinto corporativo,A*,48,21260974,16,16,1.00000000,29,0,0,29
mapa_2,Densidad media y laberinto corporativo,IDA*,48,21260974,16,16,1.00000000,29,0,0,29
mapa_2,Densidad media y laberinto corporativo,GA,48,21260974,16,16,1.00000000,35,0,0,35
mapa_2,Densidad media y laberinto corporativo,BFS,49,21260975,16,16,1.00000000,30,0,0,30
mapa_2,Densidad media y laberinto corporativo,UCS,49,21260975,16,16,1.00000000,31,0,0,31
mapa_2,Densidad media y laberinto corporativo,A*,49,21260975,16,16,1.00000000,32,0,0,32
mapa_2,Densidad media y laberinto corporativo,IDA*,49,21260975,16,16,1.00000000,31,0,0,31
mapa_2,Densidad media y laberinto corporativo,GA,49,21260975,16,16,1.00000000,39,0,0,39
mapa_2,Densidad media y laberinto corporativo,BFS,50,21260976,16,16,1.00000000,29,0,0,29
mapa_2,Densidad media y laberinto corporativo,UCS,50,21260976,16,16,1.00000000,29,0,0,29
mapa_2,Densidad media y laberinto corporativo,A*,50,21260976,16,16,1.00000000,29,0,0,29
mapa_2,Densidad media y laberinto corporativo,IDA*,50,21260976,16,16,1.00000000,29,0,0,29
mapa_2,Densidad media y laberinto corporativo,GA,50,21260976,16,16,1.00000000,34,0,0,34
mapa_2,Densidad media y laberinto corporativo,BFS,51,21260977,16,15,0.93750000,28,1,0,28
mapa_2,Densidad media y laberinto corporativo,UCS,51,21260977,16,15,0.93750000,28,1,0,28
mapa_2,Densidad media y laberinto corporativo,A*,51,21260977,16,15,0.93750000,28,1,0,28
mapa_2,Densidad media y laberinto corporativo,IDA*,51,21260977,16,15,0.93750000,28,1,0,28
mapa_2,Densidad media y laberinto corporativo,GA,51,21260977,16,15,0.93750000,31,1,0,31
mapa_2,Densidad media y laberinto corporativo,BFS,52,21260978,16,16,1.00000000,30,0,0,30
mapa_2,Densidad media y laberinto corporativo,UCS,52,21260978,16,16,1.00000000,31,0,0,31
mapa_2,Densidad media y laberinto corporativo,A*,52,21260978,16,16,1.00000000,30,0,0,30
mapa_2,Densidad media y laberinto corporativo,IDA*,52,21260978,16,16,1.00000000,31,0,0,31
mapa_2,Densidad media y laberinto corporativo,GA,52,21260978,16,16,1.00000000,32,0,0,32
mapa_2,Densidad media y laberinto corporativo,BFS,53,21260979,16,16,1.00000000,29,0,0,29
mapa_2,Densidad media y laberinto corporativo,UCS,53,21260979,16,16,1.00000000,29,0,0,29
mapa_2,Densidad media y laberinto corporativo,A*,53,21260979,16,16,1.00000000,29,0,0,29
mapa_2,Densidad media y laberinto corporativo,IDA*,53,21260979,16,16,1.00000000,29,0,0,29
mapa_2,Densidad media y laberinto corporativo,GA,53,21260979,16,16,1.00000000,31,0,0,31
mapa_2,Densidad media y laberinto corporativo,BFS,54,21260980,16,16,1.00000000,30,0,0,30
mapa_2,Densidad media y laberinto corporativo,UCS,54,21260980,16,16,1.00000000,30,0,0,30
mapa_2,Densidad media y laberinto corporativo,A*,54,21260980,16,16,1.00000000,30,0,0,30
mapa_2,Densidad media y laberinto corporativo,IDA*,54,21260980,16,16,1.00000000,30,0,0,30
mapa_2,Densidad media y laberinto corporativo,GA,54,21260980,16,16,1.00000000,43,0,0,43
mapa_2,Densidad media y laberinto corporativo,BFS,55,21260981,16,16,1.00000000,29,0,0,29
mapa_2,Densidad media y laberinto corporativo,UCS,55,21260981,16,16,1.00000000,29,0,0,29
mapa_2,Densidad media y laberinto corporativo,A*,55,21260981,16,16,1.00000000,29,0,0,29
mapa_2,Densidad media y laberinto corporativo,IDA*,55,21260981,16,16,1.00000000,29,0,0,29
mapa_2,Densidad media y laberinto corporativo,GA,55,21260981,16,16,1.00000000,38,0,0,38
mapa_2,Densidad media y laberinto corporativo,BFS,56,21260982,16,16,1.00000000,30,0,0,30
mapa_2,Densidad media y laberinto corporativo,UCS,56,21260982,16,16,1.00000000,30,0,0,30
mapa_2,Densidad media y laberinto corporativo,A*,56,21260982,16,16,1.00000000,31,0,0,31
mapa_2,Densidad media y laberinto corporativo,IDA*,56,21260982,16,16,1.00000000,30,0,0,30
mapa_2,Densidad media y laberinto corporativo,GA,56,21260982,16,16,1.00000000,31,0,0,31
mapa_2,Densidad media y laberinto corporativo,BFS,57,21260983,16,16,1.00000000,28,0,0,28
mapa_2,Densidad media y laberinto corporativo,UCS,57,21260983,16,16,1.00000000,28,0,0,28
mapa_2,Densidad media y laberinto corporativo,A*,57,21260983,16,16,1.00000000,28,0,0,28
mapa_2,Densidad media y laberinto corporativo,IDA*,57,21260983,16,16,1.00000000,28,0,0,28
mapa_2,Densidad media y laberinto corporativo,GA,57,21260983,16,16,1.00000000,32,0,0,32
mapa_2,Densidad media y laberinto corporativo,BFS,58,21260984,16,16,1.00000000,28,0,0,28
mapa_2,Densidad media y laberinto corporativo,UCS,58,21260984,16,16,1.00000000,28,0,0,28
mapa_2,Densidad media y laberinto corporativo,A*,58,21260984,16,16,1.00000000,28,0,0,28
mapa_2,Densidad media y laberinto corporativo,IDA*,58,21260984,16,16,1.00000000,28,0,0,28
mapa_2,Densidad media y laberinto corporativo,GA,58,21260984,16,16,1.00000000,28,0,0,28
mapa_2,Densidad media y laberinto corporativo,BFS,59,21260985,16,16,1.00000000,27,0,0,27
mapa_2,Densidad media y laberinto corporativo,UCS,59,21260985,16,16,1.00000000,29,0,0,29
mapa_2,Densidad media y laberinto corporativo,A*,59,21260985,16,16,1.00000000,34,0,0,34
mapa_2,Densidad media y laberinto corporativo,IDA*,59,21260985,16,16,1.00000000,29,0,0,29
mapa_2,Densidad media y laberinto corporativo,GA,59,21260985,16,16,1.00000000,34,0,0,34
mapa_2,Densidad media y laberinto corporativo,BFS,60,21260986,16,16,1.00000000,30,0,0,30
mapa_2,Densidad media y laberinto corporativo,UCS,60,21260986,16,16,1.00000000,32,0,0,32
mapa_2,Densidad media y laberinto corporativo,A*,60,21260986,16,16,1.00000000,32,0,0,32
mapa_2,Densidad media y laberinto corporativo,IDA*,60,21260986,16,16,1.00000000,32,0,0,32
mapa_2,Densidad media y laberinto corporativo,GA,60,21260986,16,16,1.00000000,32,0,0,32
mapa_2,Densidad media y laberinto corporativo,BFS,61,21260987,16,16,1.00000000,30,0,0,30
mapa_2,Densidad media y laberinto corporativo,UCS,61,21260987,16,16,1.00000000,30,0,0,30
mapa_2,Densidad media y laberinto corporativo,A*,61,21260987,16,16,1.00000000,30,0,0,30
mapa_2,Densidad media y laberinto corporativo,IDA*,61,21260987,16,16,1.00000000,30,0,0,30
mapa_2,Densidad media y laberinto corporativo,GA,61,21260987,16,16,1.00000000,35,0,0,35
mapa_2,Densidad media y laberinto corporativo,BFS,62,21260988,16,16,1.00000000,29,0,0,29
mapa_2,Densidad media y laberinto corporativo,UCS,62,21260988,16,16,1.00000000,29,0,0,29
mapa_2,Densidad media y laberinto corporativo,A*,62,21260988,16,16,1.00000000,29,0,0,29
mapa_2,Densidad media y laberinto corporativo,IDA*,62,21260988,16,16,1.00000000,29,0,0,29
mapa_2,Densidad media y laberinto corporativo,GA,62,21260988,16,16,1.00000000,31,0,0,31
mapa_2,Densidad media y laberinto corporativo,BFS,63,21260989,16,16,1.00000000,28,0,0,28
mapa_2,Densidad media y laberinto corporativo,UCS,63,21260989,16,16,1.00000000,35,0,0,35
mapa_2,Densidad media y laberinto corporativo,A*,63,21260989,16,16,1.00000000,31,0,0,31
mapa_2,Densidad media y laberinto corporativo,IDA*,63,21260989,16,16,1.00000000,35,0,0,35
mapa_2,Densidad media y laberinto corporativo,GA,63,21260989,16,16,1.00000000,39,0,0,39
mapa_2,Densidad media y laberinto corporativo,BFS,64,21260990,16,15,0.93750000,28,1,0,28
mapa_2,Densidad media y laberinto corporativo,UCS,64,21260990,16,15,0.93750000,29,1,0,29
mapa_2,Densidad media y laberinto corporativo,A*,64,21260990,16,15,0.93750000,31,1,0,31
mapa_2,Densidad media y laberinto corporativo,IDA*,64,21260990,16,15,0.93750000,29,1,0,29
mapa_2,Densidad media y laberinto corporativo,GA,64,21260990,16,15,0.93750000,32,1,0,32
mapa_2,Densidad media y laberinto corporativo,BFS,65,21260991,16,16,1.00000000,29,0,0,29
mapa_2,Densidad media y laberinto corporativo,UCS,65,21260991,16,16,1.00000000,31,0,0,31
mapa_2,Densidad media y laberinto corporativo,A*,65,21260991,16,16,1.00000000,31,0,0,31
mapa_2,Densidad media y laberinto corporativo,IDA*,65,21260991,16,16,1.00000000,31,0,0,31
mapa_2,Densidad media y laberinto corporativo,GA,65,21260991,16,16,1.00000000,34,0,0,34
mapa_2,Densidad media y laberinto corporativo,BFS,66,21260992,16,16,1.00000000,28,0,0,28
mapa_2,Densidad media y laberinto corporativo,UCS,66,21260992,16,16,1.00000000,28,0,0,28
mapa_2,Densidad media y laberinto corporativo,A*,66,21260992,16,16,1.00000000,28,0,0,28
mapa_2,Densidad media y laberinto corporativo,IDA*,66,21260992,16,16,1.00000000,28,0,0,28
mapa_2,Densidad media y laberinto corporativo,GA,66,21260992,16,16,1.00000000,32,0,0,32
mapa_2,Densidad media y laberinto corporativo,BFS,67,21260993,16,15,0.93750000,27,1,0,27
mapa_2,Densidad media y laberinto corporativo,UCS,67,21260993,16,15,0.93750000,29,1,0,29
mapa_2,Densidad media y laberinto corporativo,A*,67,21260993,16,15,0.93750000,31,1,0,31
mapa_2,Densidad media y laberinto corporativo,IDA*,67,21260993,16,15,0.93750000,29,1,0,29
mapa_2,Densidad media y laberinto corporativo,GA,67,21260993,16,15,0.93750000,41,1,0,41
mapa_2,Densidad media y laberinto corporativo,BFS,68,21260994,16,16,1.00000000,28,0,0,28
mapa_2,Densidad media y laberinto corporativo,UCS,68,21260994,16,16,1.00000000,28,0,0,28
mapa_2,Densidad media y laberinto corporativo,A*,68,21260994,16,16,1.00000000,28,0,0,28
mapa_2,Densidad media y laberinto corporativo,IDA*,68,21260994,16,16,1.00000000,28,0,0,28
mapa_2,Densidad media y laberinto corporativo,GA,68,21260994,16,16,1.00000000,39,0,0,39
mapa_2,Densidad media y laberinto corporativo,BFS,69,21260995,16,16,1.00000000,28,0,0,28
mapa_2,Densidad media y laberinto corporativo,UCS,69,21260995,16,16,1.00000000,30,0,0,30
mapa_2,Densidad media y laberinto corporativo,A*,69,21260995,16,16,1.00000000,30,0,0,30
mapa_2,Densidad media y laberinto corporativo,IDA*,69,21260995,16,16,1.00000000,30,0,0,30
mapa_2,Densidad media y laberinto corporativo,GA,69,21260995,16,16,1.00000000,31,0,0,31
mapa_2,Densidad media y laberinto corporativo,BFS,70,21260996,16,16,1.00000000,28,0,0,28
mapa_2,Densidad media y laberinto corporativo,UCS,70,21260996,16,16,1.00000000,28,0,0,28
mapa_2,Densidad media y laberinto corporativo,A*,70,21260996,16,16,1.00000000,28,0,0,28
mapa_2,Densidad media y laberinto corporativo,IDA*,70,21260996,16,16,1.00000000,28,0,0,28
mapa_2,Densidad media y laberinto corporativo,GA,70,21260996,16,16,1.00000000,32,0,0,32
mapa_2,Densidad media y laberinto corporativo,BFS,71,21260997,16,16,1.00000000,29,0,0,29
mapa_2,Densidad media y laberinto corporativo,UCS,71,21260997,16,16,1.00000000,33,0,0,33
mapa_2,Densidad media y laberinto corporativo,A*,71,21260997,16,16,1.00000000,33,0,0,33
mapa_2,Densidad media y laberinto corporativo,IDA*,71,21260997,16,16,1.00000000,33,0,0,33
mapa_2,Densidad media y laberinto corporativo,GA,71,21260997,16,16,1.00000000,35,0,0,35
mapa_2,Densidad media y laberinto corporativo,BFS,72,21260998,16,16,1.00000000,28,0,0,28
mapa_2,Densidad media y laberinto corporativo,UCS,72,21260998,16,16,1.00000000,30,0,0,30
mapa_2,Densidad media y laberinto corporativo,A*,72,21260998,16,16,1.00000000,30,0,0,30
mapa_2,Densidad media y laberinto corporativo,IDA*,72,21260998,16,16,1.00000000,30,0,0,30
mapa_2,Densidad media y laberinto corporativo,GA,72,21260998,16,16,1.00000000,30,0,0,30
mapa_2,Densidad media y laberinto corporativo,BFS,73,21260999,16,16,1.00000000,28,0,0,28
mapa_2,Densidad media y laberinto corporativo,UCS,73,21260999,16,15,0.93750000,28,1,0,28
mapa_2,Densidad media y laberinto corporativo,A*,73,21260999,16,16,1.00000000,34,0,0,34
mapa_2,Densidad media y laberinto corporativo,IDA*,73,21260999,16,15,0.93750000,28,1,0,28
mapa_2,Densidad media y laberinto corporativo,GA,73,21260999,16,16,1.00000000,36,0,0,36
mapa_2,Densidad media y laberinto corporativo,BFS,74,21261000,16,15,0.93750000,27,1,0,27
mapa_2,Densidad media y laberinto corporativo,UCS,74,21261000,16,15,0.93750000,27,1,0,27
mapa_2,Densidad media y laberinto corporativo,A*,74,21261000,16,15,0.93750000,27,1,0,27
mapa_2,Densidad media y laberinto corporativo,IDA*,74,21261000,16,15,0.93750000,27,1,0,27
mapa_2,Densidad media y laberinto corporativo,GA,74,21261000,16,15,0.93750000,35,1,0,35
mapa_2,Densidad media y laberinto corporativo,BFS,75,21261001,16,16,1.00000000,29,0,0,29
mapa_2,Densidad media y laberinto corporativo,UCS,75,21261001,16,16,1.00000000,32,0,0,32
mapa_2,Densidad media y laberinto corporativo,A*,75,21261001,16,16,1.00000000,30,0,0,30
mapa_2,Densidad media y laberinto corporativo,IDA*,75,21261001,16,16,1.00000000,32,0,0,32
mapa_2,Densidad media y laberinto corporativo,GA,75,21261001,16,15,0.93750000,36,1,0,36
mapa_2,Densidad media y laberinto corporativo,BFS,76,21261002,16,16,1.00000000,30,0,0,30
mapa_2,Densidad media y laberinto corporativo,UCS,76,21261002,16,16,1.00000000,31,0,0,31
mapa_2,Densidad media y laberinto corporativo,A*,76,21261002,16,16,1.00000000,31,0,0,31
mapa_2,Densidad media y laberinto corporativo,IDA*,76,21261002,16,16,1.00000000,31,0,0,31
mapa_2,Densidad media y laberinto corporativo,GA,76,21261002,16,16,1.00000000,37,0,0,37
mapa_2,Densidad media y laberinto corporativo,BFS,77,21261003,16,16,1.00000000,28,0,0,28
mapa_2,Densidad media y laberinto corporativo,UCS,77,21261003,16,16,1.00000000,28,0,0,28
mapa_2,Densidad media y laberinto corporativo,A*,77,21261003,16,16,1.00000000,28,0,0,28
mapa_2,Densidad media y laberinto corporativo,IDA*,77,21261003,16,16,1.00000000,28,0,0,28
mapa_2,Densidad media y laberinto corporativo,GA,77,21261003,16,16,1.00000000,28,0,0,28
mapa_2,Densidad media y laberinto corporativo,BFS,78,21261004,16,16,1.00000000,37,0,0,37
mapa_2,Densidad media y laberinto corporativo,UCS,78,21261004,16,16,1.00000000,39,0,0,39
mapa_2,Densidad media y laberinto corporativo,A*,78,21261004,16,16,1.00000000,39,0,0,39
mapa_2,Densidad media y laberinto corporativo,IDA*,78,21261004,16,16,1.00000000,39,0,0,39
mapa_2,Densidad media y laberinto corporativo,GA,78,21261004,16,16,1.00000000,35,0,0,35
mapa_2,Densidad media y laberinto corporativo,BFS,79,21261005,16,15,0.93750000,25,1,0,25
mapa_2,Densidad media y laberinto corporativo,UCS,79,21261005,16,15,0.93750000,25,1,0,25
mapa_2,Densidad media y laberinto corporativo,A*,79,21261005,16,15,0.93750000,25,1,0,25
mapa_2,Densidad media y laberinto corporativo,IDA*,79,21261005,16,15,0.93750000,25,1,0,25
mapa_2,Densidad media y laberinto corporativo,GA,79,21261005,16,15,0.93750000,28,1,0,28
mapa_2,Densidad media y laberinto corporativo,BFS,80,21261006,16,16,1.00000000,28,0,0,28
mapa_2,Densidad media y laberinto corporativo,UCS,80,21261006,16,16,1.00000000,28,0,0,28
mapa_2,Densidad media y laberinto corporativo,A*,80,21261006,16,16,1.00000000,28,0,0,28
mapa_2,Densidad media y laberinto corporativo,IDA*,80,21261006,16,16,1.00000000,28,0,0,28
mapa_2,Densidad media y laberinto corporativo,GA,80,21261006,16,16,1.00000000,38,0,0,38
mapa_2,Densidad media y laberinto corporativo,BFS,81,21261007,16,16,1.00000000,25,0,0,25
mapa_2,Densidad media y laberinto corporativo,UCS,81,21261007,16,16,1.00000000,27,0,0,27
mapa_2,Densidad media y laberinto corporativo,A*,81,21261007,16,16,1.00000000,27,0,0,27
mapa_2,Densidad media y laberinto corporativo,IDA*,81,21261007,16,16,1.00000000,27,0,0,27
mapa_2,Densidad media y laberinto corporativo,GA,81,21261007,16,16,1.00000000,30,0,0,30
mapa_2,Densidad media y laberinto corporativo,BFS,82,21261008,16,16,1.00000000,28,0,0,28
mapa_2,Densidad media y laberinto corporativo,UCS,82,21261008,16,16,1.00000000,28,0,0,28
mapa_2,Densidad media y laberinto corporativo,A*,82,21261008,16,16,1.00000000,30,0,0,30
mapa_2,Densidad media y laberinto corporativo,IDA*,82,21261008,16,16,1.00000000,28,0,0,28
mapa_2,Densidad media y laberinto corporativo,GA,82,21261008,16,16,1.00000000,34,0,0,34
mapa_2,Densidad media y laberinto corporativo,BFS,83,21261009,16,16,1.00000000,30,0,0,30
mapa_2,Densidad media y laberinto corporativo,UCS,83,21261009,16,16,1.00000000,30,0,0,30
mapa_2,Densidad media y laberinto corporativo,A*,83,21261009,16,16,1.00000000,30,0,0,30
mapa_2,Densidad media y laberinto corporativo,IDA*,83,21261009,16,16,1.00000000,30,0,0,30
mapa_2,Densidad media y laberinto corporativo,GA,83,21261009,16,16,1.00000000,40,0,0,40
mapa_2,Densidad media y laberinto corporativo,BFS,84,21261010,16,16,1.00000000,26,0,0,26
mapa_2,Densidad media y laberinto corporativo,UCS,84,21261010,16,16,1.00000000,26,0,0,26
mapa_2,Densidad media y laberinto corporativo,A*,84,21261010,16,16,1.00000000,26,0,0,26
mapa_2,Densidad media y laberinto corporativo,IDA*,84,21261010,16,16,1.00000000,26,0,0,26
mapa_2,Densidad media y laberinto corporativo,GA,84,21261010,16,16,1.00000000,36,0,0,36
mapa_2,Densidad media y laberinto corporativo,BFS,85,21261011,16,16,1.00000000,30,0,0,30
mapa_2,Densidad media y laberinto corporativo,UCS,85,21261011,16,16,1.00000000,30,0,0,30
mapa_2,Densidad media y laberinto corporativo,A*,85,21261011,16,16,1.00000000,30,0,0,30
mapa_2,Densidad media y laberinto corporativo,IDA*,85,21261011,16,16,1.00000000,30,0,0,30
mapa_2,Densidad media y laberinto corporativo,GA,85,21261011,16,16,1.00000000,39,0,0,39
mapa_2,Densidad media y laberinto corporativo,BFS,86,21261012,16,16,1.00000000,30,0,0,30
mapa_2,Densidad media y laberinto corporativo,UCS,86,21261012,16,16,1.00000000,31,0,0,31
mapa_2,Densidad media y laberinto corporativo,A*,86,21261012,16,16,1.00000000,31,0,0,31
mapa_2,Densidad media y laberinto corporativo,IDA*,86,21261012,16,16,1.00000000,31,0,0,31
mapa_2,Densidad media y laberinto corporativo,GA,86,21261012,16,16,1.00000000,41,0,0,41
mapa_2,Densidad media y laberinto corporativo,BFS,87,21261013,16,16,1.00000000,27,0,0,27
mapa_2,Densidad media y laberinto corporativo,UCS,87,21261013,16,16,1.00000000,28,0,0,28
mapa_2,Densidad media y laberinto corporativo,A*,87,21261013,16,16,1.00000000,29,0,0,29
mapa_2,Densidad media y laberinto corporativo,IDA*,87,21261013,16,16,1.00000000,28,0,0,28
mapa_2,Densidad media y laberinto corporativo,GA,87,21261013,16,16,1.00000000,42,0,0,42
mapa_2,Densidad media y laberinto corporativo,BFS,88,21261014,16,16,1.00000000,28,0,0,28
mapa_2,Densidad media y laberinto corporativo,UCS,88,21261014,16,16,1.00000000,28,0,0,28
mapa_2,Densidad media y laberinto corporativo,A*,88,21261014,16,16,1.00000000,28,0,0,28
mapa_2,Densidad media y laberinto corporativo,IDA*,88,21261014,16,16,1.00000000,28,0,0,28
mapa_2,Densidad media y laberinto corporativo,GA,88,21261014,16,16,1.00000000,34,0,0,34
mapa_2,Densidad media y laberinto corporativo,BFS,89,21261015,16,16,1.00000000,28,0,0,28
mapa_2,Densidad media y laberinto corporativo,UCS,89,21261015,16,16,1.00000000,28,0,0,28
mapa_2,Densidad media y laberinto corporativo,A*,89,21261015,16,16,1.00000000,28,0,0,28
mapa_2,Densidad media y laberinto corporativo,IDA*,89,21261015,16,16,1.00000000,28,0,0,28
mapa_2,Densidad media y laberinto corporativo,GA,89,21261015,16,16,1.00000000,33,0,0,33
mapa_2,Densidad media y laberinto corporativo,BFS,90,21261016,16,16,1.00000000,28,0,0,28
mapa_2,Densidad media y laberinto corporativo,UCS,90,21261016,16,16,1.00000000,28,0,0,28
mapa_2,Densidad media y laberinto corporativo,A*,90,21261016,16,16,1.00000000,28,0,0,28
mapa_2,Densidad media y laberinto corporativo,IDA*,90,21261016,16,16,1.00000000,28,0,0,28
mapa_2,Densidad media y laberinto corporativo,GA,90,21261016,16,16,1.00000000,36,0,0,36
mapa_2,Densidad media y laberinto corporativo,BFS,91,21261017,16,16,1.00000000,30,0,0,30
mapa_2,Densidad media y laberinto corporativo,UCS,91,21261017,16,16,1.00000000,32,0,0,32
mapa_2,Densidad media y laberinto corporativo,A*,91,21261017,16,16,1.00000000,32,0,0,32
mapa_2,Densidad media y laberinto corporativo,IDA*,91,21261017,16,16,1.00000000,32,0,0,32
mapa_2,Densidad media y laberinto corporativo,GA,91,21261017,16,16,1.00000000,34,0,0,34
mapa_2,Densidad media y laberinto corporativo,BFS,92,21261018,16,16,1.00000000,30,0,0,30
mapa_2,Densidad media y laberinto corporativo,UCS,92,21261018,16,16,1.00000000,31,0,0,31
mapa_2,Densidad media y laberinto corporativo,A*,92,21261018,16,16,1.00000000,31,0,0,31
mapa_2,Densidad media y laberinto corporativo,IDA*,92,21261018,16,16,1.00000000,31,0,0,31
mapa_2,Densidad media y laberinto corporativo,GA,92,21261018,16,16,1.00000000,33,0,0,33
mapa_2,Densidad media y laberinto corporativo,BFS,93,21261019,16,16,1.00000000,28,0,0,28
mapa_2,Densidad media y laberinto corporativo,UCS,93,21261019,16,15,0.93750000,28,1,0,28
mapa_2,Densidad media y laberinto corporativo,A*,93,21261019,16,15,0.93750000,29,1,0,29
mapa_2,Densidad media y laberinto corporativo,IDA*,93,21261019,16,15,0.93750000,28,1,0,28
mapa_2,Densidad media y laberinto corporativo,GA,93,21261019,16,15,0.93750000,37,1,0,37
mapa_2,Densidad media y laberinto corporativo,BFS,94,21261020,16,16,1.00000000,29,0,0,29
mapa_2,Densidad media y laberinto corporativo,UCS,94,21261020,16,16,1.00000000,30,0,0,30
mapa_2,Densidad media y laberinto corporativo,A*,94,21261020,16,16,1.00000000,30,0,0,30
mapa_2,Densidad media y laberinto corporativo,IDA*,94,21261020,16,16,1.00000000,30,0,0,30
mapa_2,Densidad media y laberinto corporativo,GA,94,21261020,16,16,1.00000000,33,0,0,33
mapa_2,Densidad media y laberinto corporativo,BFS,95,21261021,16,16,1.00000000,29,0,0,29
mapa_2,Densidad media y laberinto corporativo,UCS,95,21261021,16,16,1.00000000,32,0,0,32
mapa_2,Densidad media y laberinto corporativo,A*,95,21261021,16,16,1.00000000,32,0,0,32
mapa_2,Densidad media y laberinto corporativo,IDA*,95,21261021,16,16,1.00000000,32,0,0,32
mapa_2,Densidad media y laberinto corporativo,GA,95,21261021,16,16,1.00000000,36,0,0,36
mapa_2,Densidad media y laberinto corporativo,BFS,96,21261022,16,16,1.00000000,28,0,0,28
mapa_2,Densidad media y laberinto corporativo,UCS,96,21261022,16,16,1.00000000,28,0,0,28
mapa_2,Densidad media y laberinto corporativo,A*,96,21261022,16,16,1.00000000,28,0,0,28
mapa_2,Densidad media y laberinto corporativo,IDA*,96,21261022,16,16,1.00000000,28,0,0,28
mapa_2,Densidad media y laberinto corporativo,GA,96,21261022,16,16,1.00000000,31,0,0,31
mapa_2,Densidad media y laberinto corporativo,BFS,97,21261023,16,16,1.00000000,29,0,0,29
mapa_2,Densidad media y laberinto corporativo,UCS,97,21261023,16,16,1.00000000,31,0,0,31
mapa_2,Densidad media y laberinto corporativo,A*,97,21261023,16,16,1.00000000,31,0,0,31
mapa_2,Densidad media y laberinto corporativo,IDA*,97,21261023,16,16,1.00000000,31,0,0,31
mapa_2,Densidad media y laberinto corporativo,GA,97,21261023,16,16,1.00000000,34,0,0,34
mapa_2,Densidad media y laberinto corporativo,BFS,98,21261024,16,16,1.00000000,30,0,0,30
mapa_2,Densidad media y laberinto corporativo,UCS,98,21261024,16,16,1.00000000,30,0,0,30
mapa_2,Densidad media y laberinto corporativo,A*,98,21261024,16,16,1.00000000,30,0,0,30
mapa_2,Densidad media y laberinto corporativo,IDA*,98,21261024,16,16,1.00000000,30,0,0,30
mapa_2,Densidad media y laberinto corporativo,GA,98,21261024,16,16,1.00000000,36,0,0,36
mapa_2,Densidad media y laberinto corporativo,BFS,99,21261025,16,16,1.00000000,30,0,0,30
mapa_2,Densidad media y laberinto corporativo,UCS,99,21261025,16,16,1.00000000,31,0,0,31
mapa_2,Densidad media y laberinto corporativo,A*,99,21261025,16,16,1.00000000,31,0,0,31
mapa_2,Densidad media y laberinto corporativo,IDA*,99,21261025,16,16,1.00000000,31,0,0,31
mapa_2,Densidad media y laberinto corporativo,GA,99,21261025,16,16,1.00000000,37,0,0,37
mapa_2,Densidad media y laberinto corporativo,BFS,100,21261026,16,15,0.93750000,37,1,0,37
mapa_2,Densidad media y laberinto corporativo,UCS,100,21261026,16,15,0.93750000,37,1,0,37
mapa_2,Densidad media y laberinto corporativo,A*,100,21261026,16,15,0.93750000,37,1,0,37
mapa_2,Densidad media y laberinto corporativo,IDA*,100,21261026,16,15,0.93750000,37,1,0,37
mapa_2,Densidad media y laberinto corporativo,GA,100,21261026,16,16,1.00000000,36,0,0,36
mapa_2,Densidad media y laberinto corporativo,BFS,101,21261027,16,15,0.93750000,28,1,0,28
mapa_2,Densidad media y laberinto corporativo,UCS,101,21261027,16,15,0.93750000,28,1,0,28
mapa_2,Densidad media y laberinto corporativo,A*,101,21261027,16,15,0.93750000,31,1,0,31
mapa_2,Densidad media y laberinto corporativo,IDA*,101,21261027,16,15,0.93750000,28,1,0,28
mapa_2,Densidad media y laberinto corporativo,GA,101,21261027,16,15,0.93750000,32,1,0,32
mapa_2,Densidad media y laberinto corporativo,BFS,102,21261028,16,16,1.00000000,28,0,0,28
mapa_2,Densidad media y laberinto corporativo,UCS,102,21261028,16,16,1.00000000,28,0,0,28
mapa_2,Densidad media y laberinto corporativo,A*,102,21261028,16,16,1.00000000,28,0,0,28
mapa_2,Densidad media y laberinto corporativo,IDA*,102,21261028,16,16,1.00000000,28,0,0,28
mapa_2,Densidad media y laberinto corporativo,GA,102,21261028,16,16,1.00000000,36,0,0,36
mapa_2,Densidad media y laberinto corporativo,BFS,103,21261029,16,16,1.00000000,28,0,0,28
mapa_2,Densidad media y laberinto corporativo,UCS,103,21261029,16,16,1.00000000,29,0,0,29
mapa_2,Densidad media y laberinto corporativo,A*,103,21261029,16,16,1.00000000,30,0,0,30
mapa_2,Densidad media y laberinto corporativo,IDA*,103,21261029,16,16,1.00000000,29,0,0,29
mapa_2,Densidad media y laberinto corporativo,GA,103,21261029,16,16,1.00000000,35,0,0,35
mapa_2,Densidad media y laberinto corporativo,BFS,104,21261030,16,16,1.00000000,25,0,0,25
mapa_2,Densidad media y laberinto corporativo,UCS,104,21261030,16,16,1.00000000,25,0,0,25
mapa_2,Densidad media y laberinto corporativo,A*,104,21261030,16,16,1.00000000,26,0,0,26
mapa_2,Densidad media y laberinto corporativo,IDA*,104,21261030,16,16,1.00000000,25,0,0,25
mapa_2,Densidad media y laberinto corporativo,GA,104,21261030,16,16,1.00000000,26,0,0,26
mapa_2,Densidad media y laberinto corporativo,BFS,105,21261031,16,16,1.00000000,29,0,0,29
mapa_2,Densidad media y laberinto corporativo,UCS,105,21261031,16,16,1.00000000,31,0,0,31
mapa_2,Densidad media y laberinto corporativo,A*,105,21261031,16,16,1.00000000,31,0,0,31
mapa_2,Densidad media y laberinto corporativo,IDA*,105,21261031,16,16,1.00000000,31,0,0,31
mapa_2,Densidad media y laberinto corporativo,GA,105,21261031,16,16,1.00000000,37,0,0,37
mapa_2,Densidad media y laberinto corporativo,BFS,106,21261032,16,16,1.00000000,27,0,0,27
mapa_2,Densidad media y laberinto corporativo,UCS,106,21261032,16,16,1.00000000,29,0,0,29
mapa_2,Densidad media y laberinto corporativo,A*,106,21261032,16,16,1.00000000,29,0,0,29
mapa_2,Densidad media y laberinto corporativo,IDA*,106,21261032,16,16,1.00000000,29,0,0,29
mapa_2,Densidad media y laberinto corporativo,GA,106,21261032,16,16,1.00000000,29,0,0,29
mapa_2,Densidad media y laberinto corporativo,BFS,107,21261033,16,16,1.00000000,29,0,0,29
mapa_2,Densidad media y laberinto corporativo,UCS,107,21261033,16,16,1.00000000,32,0,0,32
mapa_2,Densidad media y laberinto corporativo,A*,107,21261033,16,16,1.00000000,32,0,0,32
mapa_2,Densidad media y laberinto corporativo,IDA*,107,21261033,16,16,1.00000000,32,0,0,32
mapa_2,Densidad media y laberinto corporativo,GA,107,21261033,16,16,1.00000000,38,0,0,38
mapa_2,Densidad media y laberinto corporativo,BFS,108,21261034,16,15,0.93750000,28,1,0,28
mapa_2,Densidad media y laberinto corporativo,UCS,108,21261034,16,15,0.93750000,28,1,0,28
mapa_2,Densidad media y laberinto corporativo,A*,108,21261034,16,15,0.93750000,28,1,0,28
mapa_2,Densidad media y laberinto corporativo,IDA*,108,21261034,16,15,0.93750000,28,1,0,28
mapa_2,Densidad media y laberinto corporativo,GA,108,21261034,16,15,0.93750000,36,1,0,36
mapa_2,Densidad media y laberinto corporativo,BFS,109,21261035,16,16,1.00000000,31,0,0,31
mapa_2,Densidad media y laberinto corporativo,UCS,109,21261035,16,16,1.00000000,32,0,0,32
mapa_2,Densidad media y laberinto corporativo,A*,109,21261035,16,16,1.00000000,32,0,0,32
mapa_2,Densidad media y laberinto corporativo,IDA*,109,21261035,16,16,1.00000000,32,0,0,32
mapa_2,Densidad media y laberinto corporativo,GA,109,21261035,16,16,1.00000000,37,0,0,37
mapa_2,Densidad media y laberinto corporativo,BFS,110,21261036,16,15,0.93750000,27,1,0,27
mapa_2,Densidad media y laberinto corporativo,UCS,110,21261036,16,15,0.93750000,27,1,0,27
mapa_2,Densidad media y laberinto corporativo,A*,110,21261036,16,15,0.93750000,27,1,0,27
mapa_2,Densidad media y laberinto corporativo,IDA*,110,21261036,16,15,0.93750000,27,1,0,27
mapa_2,Densidad media y laberinto corporativo,GA,110,21261036,16,15,0.93750000,31,1,0,31
mapa_2,Densidad media y laberinto corporativo,BFS,111,21261037,16,16,1.00000000,29,0,0,29
mapa_2,Densidad media y laberinto corporativo,UCS,111,21261037,16,16,1.00000000,31,0,0,31
mapa_2,Densidad media y laberinto corporativo,A*,111,21261037,16,16,1.00000000,35,0,0,35
mapa_2,Densidad media y laberinto corporativo,IDA*,111,21261037,16,16,1.00000000,31,0,0,31
mapa_2,Densidad media y laberinto corporativo,GA,111,21261037,16,16,1.00000000,38,0,0,38
mapa_2,Densidad media y laberinto corporativo,BFS,112,21261038,16,16,1.00000000,29,0,0,29
mapa_2,Densidad media y laberinto corporativo,UCS,112,21261038,16,16,1.00000000,29,0,0,29
mapa_2,Densidad media y laberinto corporativo,A*,112,21261038,16,16,1.00000000,29,0,0,29
mapa_2,Densidad media y laberinto corporativo,IDA*,112,21261038,16,16,1.00000000,29,0,0,29
mapa_2,Densidad media y laberinto corporativo,GA,112,21261038,16,16,1.00000000,30,0,0,30
mapa_2,Densidad media y laberinto corporativo,BFS,113,21261039,16,15,0.93750000,25,1,0,25
mapa_2,Densidad media y laberinto corporativo,UCS,113,21261039,16,15,0.93750000,25,1,0,25
mapa_2,Densidad media y laberinto corporativo,A*,113,21261039,16,15,0.93750000,25,1,0,25
mapa_2,Densidad media y laberinto corporativo,IDA*,113,21261039,16,15,0.93750000,25,1,0,25
mapa_2,Densidad media y laberinto corporativo,GA,113,21261039,16,15,0.93750000,31,1,0,31
mapa_2,Densidad media y laberinto corporativo,BFS,114,21261040,16,16,1.00000000,25,0,0,25
mapa_2,Densidad media y laberinto corporativo,UCS,114,21261040,16,16,1.00000000,25,0,0,25
mapa_2,Densidad media y laberinto corporativo,A*,114,21261040,16,16,1.00000000,25,0,0,25
mapa_2,Densidad media y laberinto corporativo,IDA*,114,21261040,16,16,1.00000000,25,0,0,25
mapa_2,Densidad media y laberinto corporativo,GA,114,21261040,16,16,1.00000000,33,0,0,33
mapa_2,Densidad media y laberinto corporativo,BFS,115,21261041,16,16,1.00000000,29,0,0,29
mapa_2,Densidad media y laberinto corporativo,UCS,115,21261041,16,16,1.00000000,33,0,0,33
mapa_2,Densidad media y laberinto corporativo,A*,115,21261041,16,16,1.00000000,33,0,0,33
mapa_2,Densidad media y laberinto corporativo,IDA*,115,21261041,16,16,1.00000000,33,0,0,33
mapa_2,Densidad media y laberinto corporativo,GA,115,21261041,16,16,1.00000000,38,0,0,38
mapa_2,Densidad media y laberinto corporativo,BFS,116,21261042,16,16,1.00000000,29,0,0,29
mapa_2,Densidad media y laberinto corporativo,UCS,116,21261042,16,16,1.00000000,29,0,0,29
mapa_2,Densidad media y laberinto corporativo,A*,116,21261042,16,16,1.00000000,29,0,0,29
mapa_2,Densidad media y laberinto corporativo,IDA*,116,21261042,16,16,1.00000000,29,0,0,29
mapa_2,Densidad media y laberinto corporativo,GA,116,21261042,16,16,1.00000000,40,0,0,40
mapa_2,Densidad media y laberinto corporativo,BFS,117,21261043,16,16,1.00000000,27,0,0,27
mapa_2,Densidad media y laberinto corporativo,UCS,117,21261043,16,16,1.00000000,27,0,0,27
mapa_2,Densidad media y laberinto corporativo,A*,117,21261043,16,16,1.00000000,27,0,0,27
mapa_2,Densidad media y laberinto corporativo,IDA*,117,21261043,16,16,1.00000000,27,0,0,27
mapa_2,Densidad media y laberinto corporativo,GA,117,21261043,16,16,1.00000000,30,0,0,30
mapa_2,Densidad media y laberinto corporativo,BFS,118,21261044,16,15,0.93750000,26,1,0,26
mapa_2,Densidad media y laberinto corporativo,UCS,118,21261044,16,15,0.93750000,26,1,0,26
mapa_2,Densidad media y laberinto corporativo,A*,118,21261044,16,15,0.93750000,26,1,0,26
mapa_2,Densidad media y laberinto corporativo,IDA*,118,21261044,16,15,0.93750000,26,1,0,26
mapa_2,Densidad media y laberinto corporativo,GA,118,21261044,16,15,0.93750000,32,1,0,32
mapa_2,Densidad media y laberinto corporativo,BFS,119,21261045,16,16,1.00000000,30,0,0,30
mapa_2,Densidad media y laberinto corporativo,UCS,119,21261045,16,16,1.00000000,30,0,0,30
mapa_2,Densidad media y laberinto corporativo,A*,119,21261045,16,16,1.00000000,30,0,0,30
mapa_2,Densidad media y laberinto corporativo,IDA*,119,21261045,16,16,1.00000000,30,0,0,30
mapa_2,Densidad media y laberinto corporativo,GA,119,21261045,16,16,1.00000000,41,0,0,41
mapa_2,Densidad media y laberinto corporativo,BFS,120,21261046,16,15,0.93750000,28,1,0,28
mapa_2,Densidad media y laberinto corporativo,UCS,120,21261046,16,15,0.93750000,30,1,0,30
mapa_2,Densidad media y laberinto corporativo,A*,120,21261046,16,15,0.93750000,30,1,0,30
mapa_2,Densidad media y laberinto corporativo,IDA*,120,21261046,16,15,0.93750000,30,1,0,30
mapa_2,Densidad media y laberinto corporativo,GA,120,21261046,16,15,0.93750000,36,1,0,36
mapa_2,Densidad media y laberinto corporativo,BFS,121,21261047,16,16,1.00000000,29,0,0,29
mapa_2,Densidad media y laberinto corporativo,UCS,121,21261047,16,16,1.00000000,29,0,0,29
mapa_2,Densidad media y laberinto corporativo,A*,121,21261047,16,16,1.00000000,29,0,0,29
mapa_2,Densidad media y laberinto corporativo,IDA*,121,21261047,16,16,1.00000000,29,0,0,29
mapa_2,Densidad media y laberinto corporativo,GA,121,21261047,16,16,1.00000000,41,0,0,41
mapa_2,Densidad media y laberinto corporativo,BFS,122,21261048,16,16,1.00000000,30,0,0,30
mapa_2,Densidad media y laberinto corporativo,UCS,122,21261048,16,16,1.00000000,32,0,0,32
mapa_2,Densidad media y laberinto corporativo,A*,122,21261048,16,16,1.00000000,32,0,0,32
mapa_2,Densidad media y laberinto corporativo,IDA*,122,21261048,16,16,1.00000000,32,0,0,32
mapa_2,Densidad media y laberinto corporativo,GA,122,21261048,16,16,1.00000000,35,0,0,35
mapa_2,Densidad media y laberinto corporativo,BFS,123,21261049,16,16,1.00000000,29,0,0,29
mapa_2,Densidad media y laberinto corporativo,UCS,123,21261049,16,16,1.00000000,29,0,0,29
mapa_2,Densidad media y laberinto corporativo,A*,123,21261049,16,16,1.00000000,29,0,0,29
mapa_2,Densidad media y laberinto corporativo,IDA*,123,21261049,16,16,1.00000000,29,0,0,29
mapa_2,Densidad media y laberinto corporativo,GA,123,21261049,16,16,1.00000000,47,0,0,47
mapa_2,Densidad media y laberinto corporativo,BFS,124,21261050,16,16,1.00000000,29,0,0,29
mapa_2,Densidad media y laberinto corporativo,UCS,124,21261050,16,16,1.00000000,29,0,0,29
mapa_2,Densidad media y laberinto corporativo,A*,124,21261050,16,16,1.00000000,29,0,0,29
mapa_2,Densidad media y laberinto corporativo,IDA*,124,21261050,16,16,1.00000000,29,0,0,29
mapa_2,Densidad media y laberinto corporativo,GA,124,21261050,16,16,1.00000000,35,0,0,35
mapa_2,Densidad media y laberinto corporativo,BFS,125,21261051,16,16,1.00000000,31,0,0,31
mapa_2,Densidad media y laberinto corporativo,UCS,125,21261051,16,16,1.00000000,32,0,0,32
mapa_2,Densidad media y laberinto corporativo,A*,125,21261051,16,16,1.00000000,32,0,0,32
mapa_2,Densidad media y laberinto corporativo,IDA*,125,21261051,16,16,1.00000000,32,0,0,32
mapa_2,Densidad media y laberinto corporativo,GA,125,21261051,16,16,1.00000000,34,0,0,34
mapa_2,Densidad media y laberinto corporativo,BFS,126,21261052,16,16,1.00000000,29,0,0,29
mapa_2,Densidad media y laberinto corporativo,UCS,126,21261052,16,16,1.00000000,29,0,0,29
mapa_2,Densidad media y laberinto corporativo,A*,126,21261052,16,16,1.00000000,29,0,0,29
mapa_2,Densidad media y laberinto corporativo,IDA*,126,21261052,16,16,1.00000000,29,0,0,29
mapa_2,Densidad media y laberinto corporativo,GA,126,21261052,16,16,1.00000000,42,0,0,42
mapa_2,Densidad media y laberinto corporativo,BFS,127,21261053,16,15,0.93750000,29,1,0,29
mapa_2,Densidad media y laberinto corporativo,UCS,127,21261053,16,15,0.93750000,29,1,0,29
mapa_2,Densidad media y laberinto corporativo,A*,127,21261053,16,15,0.93750000,29,1,0,29
mapa_2,Densidad media y laberinto corporativo,IDA*,127,21261053,16,15,0.93750000,29,1,0,29
mapa_2,Densidad media y laberinto corporativo,GA,127,21261053,16,15,0.93750000,38,1,0,38
mapa_2,Densidad media y laberinto corporativo,BFS,128,21261054,16,16,1.00000000,29,0,0,29
mapa_2,Densidad media y laberinto corporativo,UCS,128,21261054,16,16,1.00000000,31,0,0,31
mapa_2,Densidad media y laberinto corporativo,A*,128,21261054,16,16,1.00000000,29,0,0,29
mapa_2,Densidad media y laberinto corporativo,IDA*,128,21261054,16,16,1.00000000,31,0,0,31
mapa_2,Densidad media y laberinto corporativo,GA,128,21261054,16,16,1.00000000,34,0,0,34
mapa_2,Densidad media y laberinto corporativo,BFS,129,21261055,16,16,1.00000000,29,0,0,29
mapa_2,Densidad media y laberinto corporativo,UCS,129,21261055,16,16,1.00000000,30,0,0,30
mapa_2,Densidad media y laberinto corporativo,A*,129,21261055,16,16,1.00000000,29,0,0,29
mapa_2,Densidad media y laberinto corporativo,IDA*,129,21261055,16,16,1.00000000,30,0,0,30
mapa_2,Densidad media y laberinto corporativo,GA,129,21261055,16,16,1.00000000,34,0,0,34
mapa_2,Densidad media y laberinto corporativo,BFS,130,21261056,16,16,1.00000000,30,0,0,30
mapa_2,Densidad media y laberinto corporativo,UCS,130,21261056,16,16,1.00000000,32,0,0,32
mapa_2,Densidad media y laberinto corporativo,A*,130,21261056,16,16,1.00000000,32,0,0,32
mapa_2,Densidad media y laberinto corporativo,IDA*,130,21261056,16,16,1.00000000,32,0,0,32
mapa_2,Densidad media y laberinto corporativo,GA,130,21261056,16,16,1.00000000,39,0,0,39
mapa_2,Densidad media y laberinto corporativo,BFS,131,21261057,16,16,1.00000000,28,0,0,28
mapa_2,Densidad media y laberinto corporativo,UCS,131,21261057,16,16,1.00000000,28,0,0,28
mapa_2,Densidad media y laberinto corporativo,A*,131,21261057,16,16,1.00000000,28,0,0,28
mapa_2,Densidad media y laberinto corporativo,IDA*,131,21261057,16,16,1.00000000,28,0,0,28
mapa_2,Densidad media y laberinto corporativo,GA,131,21261057,16,16,1.00000000,38,0,0,38
mapa_2,Densidad media y laberinto corporativo,BFS,132,21261058,16,16,1.00000000,28,0,0,28
mapa_2,Densidad media y laberinto corporativo,UCS,132,21261058,16,16,1.00000000,30,0,0,30
mapa_2,Densidad media y laberinto corporativo,A*,132,21261058,16,16,1.00000000,30,0,0,30
mapa_2,Densidad media y laberinto corporativo,IDA*,132,21261058,16,16,1.00000000,30,0,0,30
mapa_2,Densidad media y laberinto corporativo,GA,132,21261058,16,16,1.00000000,37,0,0,37
mapa_2,Densidad media y laberinto corporativo,BFS,133,21261059,16,16,1.00000000,30,0,0,30
mapa_2,Densidad media y laberinto corporativo,UCS,133,21261059,16,16,1.00000000,31,0,0,31
mapa_2,Densidad media y laberinto corporativo,A*,133,21261059,16,16,1.00000000,31,0,0,31
mapa_2,Densidad media y laberinto corporativo,IDA*,133,21261059,16,16,1.00000000,31,0,0,31
mapa_2,Densidad media y laberinto corporativo,GA,133,21261059,16,15,0.93750000,41,1,0,41
mapa_2,Densidad media y laberinto corporativo,BFS,134,21261060,16,15,0.93750000,27,1,0,27
mapa_2,Densidad media y laberinto corporativo,UCS,134,21261060,16,16,1.00000000,31,0,0,31
mapa_2,Densidad media y laberinto corporativo,A*,134,21261060,16,16,1.00000000,31,0,0,31
mapa_2,Densidad media y laberinto corporativo,IDA*,134,21261060,16,16,1.00000000,31,0,0,31
mapa_2,Densidad media y laberinto corporativo,GA,134,21261060,16,15,0.93750000,32,1,0,32
mapa_2,Densidad media y laberinto corporativo,BFS,135,21261061,16,16,1.00000000,26,0,0,26
mapa_2,Densidad media y laberinto corporativo,UCS,135,21261061,16,16,1.00000000,26,0,0,26
mapa_2,Densidad media y laberinto corporativo,A*,135,21261061,16,16,1.00000000,26,0,0,26
mapa_2,Densidad media y laberinto corporativo,IDA*,135,21261061,16,16,1.00000000,26,0,0,26
mapa_2,Densidad media y laberinto corporativo,GA,135,21261061,16,16,1.00000000,29,0,0,29
mapa_2,Densidad media y laberinto corporativo,BFS,136,21261062,16,16,1.00000000,32,0,0,32
mapa_2,Densidad media y laberinto corporativo,UCS,136,21261062,16,16,1.00000000,32,0,0,32
mapa_2,Densidad media y laberinto corporativo,A*,136,21261062,16,16,1.00000000,32,0,0,32
mapa_2,Densidad media y laberinto corporativo,IDA*,136,21261062,16,16,1.00000000,32,0,0,32
mapa_2,Densidad media y laberinto corporativo,GA,136,21261062,16,16,1.00000000,33,0,0,33
mapa_2,Densidad media y laberinto corporativo,BFS,137,21261063,16,16,1.00000000,27,0,0,27
mapa_2,Densidad media y laberinto corporativo,UCS,137,21261063,16,16,1.00000000,27,0,0,27
mapa_2,Densidad media y laberinto corporativo,A*,137,21261063,16,16,1.00000000,27,0,0,27
mapa_2,Densidad media y laberinto corporativo,IDA*,137,21261063,16,16,1.00000000,27,0,0,27
mapa_2,Densidad media y laberinto corporativo,GA,137,21261063,16,16,1.00000000,35,0,0,35
mapa_2,Densidad media y laberinto corporativo,BFS,138,21261064,16,16,1.00000000,26,0,0,26
mapa_2,Densidad media y laberinto corporativo,UCS,138,21261064,16,16,1.00000000,26,0,0,26
mapa_2,Densidad media y laberinto corporativo,A*,138,21261064,16,16,1.00000000,26,0,0,26
mapa_2,Densidad media y laberinto corporativo,IDA*,138,21261064,16,16,1.00000000,26,0,0,26
mapa_2,Densidad media y laberinto corporativo,GA,138,21261064,16,16,1.00000000,34,0,0,34
mapa_2,Densidad media y laberinto corporativo,BFS,139,21261065,16,16,1.00000000,27,0,0,27
mapa_2,Densidad media y laberinto corporativo,UCS,139,21261065,16,16,1.00000000,27,0,0,27
mapa_2,Densidad media y laberinto corporativo,A*,139,21261065,16,16,1.00000000,27,0,0,27
mapa_2,Densidad media y laberinto corporativo,IDA*,139,21261065,16,16,1.00000000,27,0,0,27
mapa_2,Densidad media y laberinto corporativo,GA,139,21261065,16,16,1.00000000,35,0,0,35
mapa_2,Densidad media y laberinto corporativo,BFS,140,21261066,16,16,1.00000000,29,0,0,29
mapa_2,Densidad media y laberinto corporativo,UCS,140,21261066,16,16,1.00000000,30,0,0,30
mapa_2,Densidad media y laberinto corporativo,A*,140,21261066,16,16,1.00000000,30,0,0,30
mapa_2,Densidad media y laberinto corporativo,IDA*,140,21261066,16,16,1.00000000,30,0,0,30
mapa_2,Densidad media y laberinto corporativo,GA,140,21261066,16,16,1.00000000,37,0,0,37
mapa_2,Densidad media y laberinto corporativo,BFS,141,21261067,16,16,1.00000000,26,0,0,26
mapa_2,Densidad media y laberinto corporativo,UCS,141,21261067,16,16,1.00000000,26,0,0,26
mapa_2,Densidad media y laberinto corporativo,A*,141,21261067,16,16,1.00000000,26,0,0,26
mapa_2,Densidad media y laberinto corporativo,IDA*,141,21261067,16,16,1.00000000,26,0,0,26
mapa_2,Densidad media y laberinto corporativo,GA,141,21261067,16,16,1.00000000,29,0,0,29
mapa_2,Densidad media y laberinto corporativo,BFS,142,21261068,16,16,1.00000000,28,0,0,28
mapa_2,Densidad media y laberinto corporativo,UCS,142,21261068,16,16,1.00000000,31,0,0,31
mapa_2,Densidad media y laberinto corporativo,A*,142,21261068,16,16,1.00000000,31,0,0,31
mapa_2,Densidad media y laberinto corporativo,IDA*,142,21261068,16,16,1.00000000,31,0,0,31
mapa_2,Densidad media y laberinto corporativo,GA,142,21261068,16,16,1.00000000,41,0,0,41
mapa_2,Densidad media y laberinto corporativo,BFS,143,21261069,16,15,0.93750000,29,1,0,29
mapa_2,Densidad media y laberinto corporativo,UCS,143,21261069,16,16,1.00000000,41,0,0,41
mapa_2,Densidad media y laberinto corporativo,A*,143,21261069,16,16,1.00000000,37,0,0,37
mapa_2,Densidad media y laberinto corporativo,IDA*,143,21261069,16,16,1.00000000,41,0,0,41
mapa_2,Densidad media y laberinto corporativo,GA,143,21261069,16,15,0.93750000,34,1,0,34
mapa_2,Densidad media y laberinto corporativo,BFS,144,21261070,16,16,1.00000000,38,0,0,38
mapa_2,Densidad media y laberinto corporativo,UCS,144,21261070,16,16,1.00000000,31,0,0,31
mapa_2,Densidad media y laberinto corporativo,A*,144,21261070,16,16,1.00000000,31,0,0,31
mapa_2,Densidad media y laberinto corporativo,IDA*,144,21261070,16,16,1.00000000,31,0,0,31
mapa_2,Densidad media y laberinto corporativo,GA,144,21261070,16,16,1.00000000,34,0,0,34
mapa_2,Densidad media y laberinto corporativo,BFS,145,21261071,16,16,1.00000000,28,0,0,28
mapa_2,Densidad media y laberinto corporativo,UCS,145,21261071,16,16,1.00000000,28,0,0,28
mapa_2,Densidad media y laberinto corporativo,A*,145,21261071,16,16,1.00000000,28,0,0,28
mapa_2,Densidad media y laberinto corporativo,IDA*,145,21261071,16,16,1.00000000,28,0,0,28
mapa_2,Densidad media y laberinto corporativo,GA,145,21261071,16,16,1.00000000,32,0,0,32
mapa_2,Densidad media y laberinto corporativo,BFS,146,21261072,16,16,1.00000000,28,0,0,28
mapa_2,Densidad media y laberinto corporativo,UCS,146,21261072,16,16,1.00000000,28,0,0,28
mapa_2,Densidad media y laberinto corporativo,A*,146,21261072,16,16,1.00000000,28,0,0,28
mapa_2,Densidad media y laberinto corporativo,IDA*,146,21261072,16,16,1.00000000,28,0,0,28
mapa_2,Densidad media y laberinto corporativo,GA,146,21261072,16,16,1.00000000,32,0,0,32
mapa_2,Densidad media y laberinto corporativo,BFS,147,21261073,16,15,0.93750000,26,1,0,26
mapa_2,Densidad media y laberinto corporativo,UCS,147,21261073,16,16,1.00000000,31,0,0,31
mapa_2,Densidad media y laberinto corporativo,A*,147,21261073,16,16,1.00000000,31,0,0,31
mapa_2,Densidad media y laberinto corporativo,IDA*,147,21261073,16,16,1.00000000,31,0,0,31
mapa_2,Densidad media y laberinto corporativo,GA,147,21261073,16,15,0.93750000,35,1,0,35
mapa_2,Densidad media y laberinto corporativo,BFS,148,21261074,16,16,1.00000000,27,0,0,27
mapa_2,Densidad media y laberinto corporativo,UCS,148,21261074,16,16,1.00000000,27,0,0,27
mapa_2,Densidad media y laberinto corporativo,A*,148,21261074,16,16,1.00000000,27,0,0,27
mapa_2,Densidad media y laberinto corporativo,IDA*,148,21261074,16,16,1.00000000,27,0,0,27
mapa_2,Densidad media y laberinto corporativo,GA,148,21261074,16,16,1.00000000,31,0,0,31
mapa_2,Densidad media y laberinto corporativo,BFS,149,21261075,16,16,1.00000000,28,0,0,28
mapa_2,Densidad media y laberinto corporativo,UCS,149,21261075,16,16,1.00000000,28,0,0,28
mapa_2,Densidad media y laberinto corporativo,A*,149,21261075,16,16,1.00000000,30,0,0,30
mapa_2,Densidad media y laberinto corporativo,IDA*,149,21261075,16,16,1.00000000,28,0,0,28
mapa_2,Densidad media y laberinto corporativo,GA,149,21261075,16,16,1.00000000,32,0,0,32
mapa_2,Densidad media y laberinto corporativo,BFS,150,21261076,16,16,1.00000000,30,0,0,30
mapa_2,Densidad media y laberinto corporativo,UCS,150,21261076,16,16,1.00000000,32,0,0,32
mapa_2,Densidad media y laberinto corporativo,A*,150,21261076,16,16,1.00000000,32,0,0,32
mapa_2,Densidad media y laberinto corporativo,IDA*,150,21261076,16,16,1.00000000,32,0,0,32
mapa_2,Densidad media y laberinto corporativo,GA,150,21261076,16,16,1.00000000,33,0,0,33
mapa_2,Densidad media y laberinto corporativo,BFS,151,21261077,16,16,1.00000000,27,0,0,27
mapa_2,Densidad media y laberinto corporativo,UCS,151,21261077,16,16,1.00000000,27,0,0,27
mapa_2,Densidad media y laberinto corporativo,A*,151,21261077,16,16,1.00000000,27,0,0,27
mapa_2,Densidad media y laberinto corporativo,IDA*,151,21261077,16,16,1.00000000,27,0,0,27
mapa_2,Densidad media y laberinto corporativo,GA,151,21261077,16,16,1.00000000,29,0,0,29
mapa_2,Densidad media y laberinto corporativo,BFS,152,21261078,16,16,1.00000000,26,0,0,26
mapa_2,Densidad media y laberinto corporativo,UCS,152,21261078,16,16,1.00000000,28,0,0,28
mapa_2,Densidad media y laberinto corporativo,A*,152,21261078,16,16,1.00000000,28,0,0,28
mapa_2,Densidad media y laberinto corporativo,IDA*,152,21261078,16,16,1.00000000,28,0,0,28
mapa_2,Densidad media y laberinto corporativo,GA,152,21261078,16,16,1.00000000,31,0,0,31
mapa_2,Densidad media y laberinto corporativo,BFS,153,21261079,16,16,1.00000000,29,0,0,29
mapa_2,Densidad media y laberinto corporativo,UCS,153,21261079,16,16,1.00000000,31,0,0,31
mapa_2,Densidad media y laberinto corporativo,A*,153,21261079,16,16,1.00000000,31,0,0,31
mapa_2,Densidad media y laberinto corporativo,IDA*,153,21261079,16,16,1.00000000,31,0,0,31
mapa_2,Densidad media y laberinto corporativo,GA,153,21261079,16,16,1.00000000,37,0,0,37
mapa_2,Densidad media y laberinto corporativo,BFS,154,21261080,16,16,1.00000000,25,0,0,25
mapa_2,Densidad media y laberinto corporativo,UCS,154,21261080,16,16,1.00000000,25,0,0,25
mapa_2,Densidad media y laberinto corporativo,A*,154,21261080,16,16,1.00000000,25,0,0,25
mapa_2,Densidad media y laberinto corporativo,IDA*,154,21261080,16,16,1.00000000,25,0,0,25
mapa_2,Densidad media y laberinto corporativo,GA,154,21261080,16,16,1.00000000,31,0,0,31
mapa_2,Densidad media y laberinto corporativo,BFS,155,21261081,16,16,1.00000000,29,0,0,29
mapa_2,Densidad media y laberinto corporativo,UCS,155,21261081,16,16,1.00000000,33,0,0,33
mapa_2,Densidad media y laberinto corporativo,A*,155,21261081,16,16,1.00000000,33,0,0,33
mapa_2,Densidad media y laberinto corporativo,IDA*,155,21261081,16,16,1.00000000,33,0,0,33
mapa_2,Densidad media y laberinto corporativo,GA,155,21261081,16,16,1.00000000,32,0,0,32
mapa_2,Densidad media y laberinto corporativo,BFS,156,21261082,16,16,1.00000000,26,0,0,26
mapa_2,Densidad media y laberinto corporativo,UCS,156,21261082,16,16,1.00000000,28,0,0,28
mapa_2,Densidad media y laberinto corporativo,A*,156,21261082,16,16,1.00000000,30,0,0,30
mapa_2,Densidad media y laberinto corporativo,IDA*,156,21261082,16,16,1.00000000,28,0,0,28
mapa_2,Densidad media y laberinto corporativo,GA,156,21261082,16,16,1.00000000,37,0,0,37
mapa_2,Densidad media y laberinto corporativo,BFS,157,21261083,16,16,1.00000000,25,0,0,25
mapa_2,Densidad media y laberinto corporativo,UCS,157,21261083,16,16,1.00000000,25,0,0,25
mapa_2,Densidad media y laberinto corporativo,A*,157,21261083,16,16,1.00000000,25,0,0,25
mapa_2,Densidad media y laberinto corporativo,IDA*,157,21261083,16,16,1.00000000,25,0,0,25
mapa_2,Densidad media y laberinto corporativo,GA,157,21261083,16,16,1.00000000,29,0,0,29
mapa_2,Densidad media y laberinto corporativo,BFS,158,21261084,16,16,1.00000000,28,0,0,28
mapa_2,Densidad media y laberinto corporativo,UCS,158,21261084,16,16,1.00000000,30,0,0,30
mapa_2,Densidad media y laberinto corporativo,A*,158,21261084,16,16,1.00000000,30,0,0,30
mapa_2,Densidad media y laberinto corporativo,IDA*,158,21261084,16,16,1.00000000,30,0,0,30
mapa_2,Densidad media y laberinto corporativo,GA,158,21261084,16,16,1.00000000,31,0,0,31
mapa_2,Densidad media y laberinto corporativo,BFS,159,21261085,16,16,1.00000000,30,0,0,30
mapa_2,Densidad media y laberinto corporativo,UCS,159,21261085,16,16,1.00000000,30,0,0,30
mapa_2,Densidad media y laberinto corporativo,A*,159,21261085,16,16,1.00000000,30,0,0,30
mapa_2,Densidad media y laberinto corporativo,IDA*,159,21261085,16,16,1.00000000,30,0,0,30
mapa_2,Densidad media y laberinto corporativo,GA,159,21261085,16,16,1.00000000,42,0,0,42
mapa_2,Densidad media y laberinto corporativo,BFS,160,21261086,16,16,1.00000000,29,0,0,29
mapa_2,Densidad media y laberinto corporativo,UCS,160,21261086,16,16,1.00000000,29,0,0,29
mapa_2,Densidad media y laberinto corporativo,A*,160,21261086,16,16,1.00000000,29,0,0,29
mapa_2,Densidad media y laberinto corporativo,IDA*,160,21261086,16,16,1.00000000,29,0,0,29
mapa_2,Densidad media y laberinto corporativo,GA,160,21261086,16,16,1.00000000,39,0,0,39
mapa_2,Densidad media y laberinto corporativo,BFS,161,21261087,16,16,1.00000000,35,0,0,35
mapa_2,Densidad media y laberinto corporativo,UCS,161,21261087,16,16,1.00000000,37,0,0,37
mapa_2,Densidad media y laberinto corporativo,A*,161,21261087,16,16,1.00000000,35,0,0,35
mapa_2,Densidad media y laberinto corporativo,IDA*,161,21261087,16,16,1.00000000,37,0,0,37
mapa_2,Densidad media y laberinto corporativo,GA,161,21261087,16,16,1.00000000,39,0,0,39
mapa_2,Densidad media y laberinto corporativo,BFS,162,21261088,16,15,0.93750000,29,1,0,29
mapa_2,Densidad media y laberinto corporativo,UCS,162,21261088,16,15,0.93750000,32,1,0,32
mapa_2,Densidad media y laberinto corporativo,A*,162,21261088,16,15,0.93750000,32,1,0,32
mapa_2,Densidad media y laberinto corporativo,IDA*,162,21261088,16,15,0.93750000,32,1,0,32
mapa_2,Densidad media y laberinto corporativo,GA,162,21261088,16,15,0.93750000,36,1,0,36
mapa_2,Densidad media y laberinto corporativo,BFS,163,21261089,16,16,1.00000000,30,0,0,30
mapa_2,Densidad media y laberinto corporativo,UCS,163,21261089,16,16,1.00000000,31,0,0,31
mapa_2,Densidad media y laberinto corporativo,A*,163,21261089,16,16,1.00000000,31,0,0,31
mapa_2,Densidad media y laberinto corporativo,IDA*,163,21261089,16,16,1.00000000,31,0,0,31
mapa_2,Densidad media y laberinto corporativo,GA,163,21261089,16,16,1.00000000,33,0,0,33
mapa_2,Densidad media y laberinto corporativo,BFS,164,21261090,16,16,1.00000000,27,0,0,27
mapa_2,Densidad media y laberinto corporativo,UCS,164,21261090,16,16,1.00000000,27,0,0,27
mapa_2,Densidad media y laberinto corporativo,A*,164,21261090,16,16,1.00000000,27,0,0,27
mapa_2,Densidad media y laberinto corporativo,IDA*,164,21261090,16,16,1.00000000,27,0,0,27
mapa_2,Densidad media y laberinto corporativo,GA,164,21261090,16,16,1.00000000,29,0,0,29
mapa_2,Densidad media y laberinto corporativo,BFS,165,21261091,16,16,1.00000000,28,0,0,28
mapa_2,Densidad media y laberinto corporativo,UCS,165,21261091,16,16,1.00000000,28,0,0,28
mapa_2,Densidad media y laberinto corporativo,A*,165,21261091,16,16,1.00000000,28,0,0,28
mapa_2,Densidad media y laberinto corporativo,IDA*,165,21261091,16,16,1.00000000,28,0,0,28
mapa_2,Densidad media y laberinto corporativo,GA,165,21261091,16,16,1.00000000,34,0,0,34
mapa_2,Densidad media y laberinto corporativo,BFS,166,21261092,16,16,1.00000000,27,0,0,27
mapa_2,Densidad media y laberinto corporativo,UCS,166,21261092,16,16,1.00000000,28,0,0,28
mapa_2,Densidad media y laberinto corporativo,A*,166,21261092,16,16,1.00000000,27,0,0,27
mapa_2,Densidad media y laberinto corporativo,IDA*,166,21261092,16,16,1.00000000,28,0,0,28
mapa_2,Densidad media y laberinto corporativo,GA,166,21261092,16,16,1.00000000,29,0,0,29
mapa_2,Densidad media y laberinto corporativo,BFS,167,21261093,16,14,0.87500000,27,2,0,27
mapa_2,Densidad media y laberinto corporativo,UCS,167,21261093,16,14,0.87500000,29,2,0,29
mapa_2,Densidad media y laberinto corporativo,A*,167,21261093,16,14,0.87500000,32,2,0,32
mapa_2,Densidad media y laberinto corporativo,IDA*,167,21261093,16,14,0.87500000,29,2,0,29
mapa_2,Densidad media y laberinto corporativo,GA,167,21261093,16,15,0.93750000,33,1,0,33
mapa_2,Densidad media y laberinto corporativo,BFS,168,21261094,16,16,1.00000000,29,0,0,29
mapa_2,Densidad media y laberinto corporativo,UCS,168,21261094,16,16,1.00000000,31,0,0,31
mapa_2,Densidad media y laberinto corporativo,A*,168,21261094,16,16,1.00000000,31,0,0,31
mapa_2,Densidad media y laberinto corporativo,IDA*,168,21261094,16,16,1.00000000,31,0,0,31
mapa_2,Densidad media y laberinto corporativo,GA,168,21261094,16,16,1.00000000,33,0,0,33
mapa_2,Densidad media y laberinto corporativo,BFS,169,21261095,16,16,1.00000000,29,0,0,29
mapa_2,Densidad media y laberinto corporativo,UCS,169,21261095,16,16,1.00000000,29,0,0,29
mapa_2,Densidad media y laberinto corporativo,A*,169,21261095,16,16,1.00000000,29,0,0,29
mapa_2,Densidad media y laberinto corporativo,IDA*,169,21261095,16,16,1.00000000,29,0,0,29
mapa_2,Densidad media y laberinto corporativo,GA,169,21261095,16,16,1.00000000,39,0,0,39
mapa_2,Densidad media y laberinto corporativo,BFS,170,21261096,16,16,1.00000000,28,0,0,28
mapa_2,Densidad media y laberinto corporativo,UCS,170,21261096,16,16,1.00000000,29,0,0,29
mapa_2,Densidad media y laberinto corporativo,A*,170,21261096,16,16,1.00000000,29,0,0,29
mapa_2,Densidad media y laberinto corporativo,IDA*,170,21261096,16,16,1.00000000,29,0,0,29
mapa_2,Densidad media y laberinto corporativo,GA,170,21261096,16,16,1.00000000,34,0,0,34
mapa_2,Densidad media y laberinto corporativo,BFS,171,21261097,16,16,1.00000000,30,0,0,30
mapa_2,Densidad media y laberinto corporativo,UCS,171,21261097,16,16,1.00000000,30,0,0,30
mapa_2,Densidad media y laberinto corporativo,A*,171,21261097,16,16,1.00000000,30,0,0,30
mapa_2,Densidad media y laberinto corporativo,IDA*,171,21261097,16,16,1.00000000,30,0,0,30
mapa_2,Densidad media y laberinto corporativo,GA,171,21261097,16,16,1.00000000,36,0,0,36
mapa_2,Densidad media y laberinto corporativo,BFS,172,21261098,16,16,1.00000000,28,0,0,28
mapa_2,Densidad media y laberinto corporativo,UCS,172,21261098,16,16,1.00000000,28,0,0,28
mapa_2,Densidad media y laberinto corporativo,A*,172,21261098,16,16,1.00000000,28,0,0,28
mapa_2,Densidad media y laberinto corporativo,IDA*,172,21261098,16,16,1.00000000,28,0,0,28
mapa_2,Densidad media y laberinto corporativo,GA,172,21261098,16,16,1.00000000,36,0,0,36
mapa_2,Densidad media y laberinto corporativo,BFS,173,21261099,16,16,1.00000000,28,0,0,28
mapa_2,Densidad media y laberinto corporativo,UCS,173,21261099,16,16,1.00000000,28,0,0,28
mapa_2,Densidad media y laberinto corporativo,A*,173,21261099,16,16,1.00000000,28,0,0,28
mapa_2,Densidad media y laberinto corporativo,IDA*,173,21261099,16,16,1.00000000,28,0,0,28
mapa_2,Densidad media y laberinto corporativo,GA,173,21261099,16,16,1.00000000,30,0,0,30
mapa_2,Densidad media y laberinto corporativo,BFS,174,21261100,16,16,1.00000000,28,0,0,28
mapa_2,Densidad media y laberinto corporativo,UCS,174,21261100,16,16,1.00000000,29,0,0,29
mapa_2,Densidad media y laberinto corporativo,A*,174,21261100,16,16,1.00000000,29,0,0,29
mapa_2,Densidad media y laberinto corporativo,IDA*,174,21261100,16,16,1.00000000,29,0,0,29
mapa_2,Densidad media y laberinto corporativo,GA,174,21261100,16,16,1.00000000,35,0,0,35
mapa_2,Densidad media y laberinto corporativo,BFS,175,21261101,16,16,1.00000000,29,0,0,29
mapa_2,Densidad media y laberinto corporativo,UCS,175,21261101,16,16,1.00000000,31,0,0,31
mapa_2,Densidad media y laberinto corporativo,A*,175,21261101,16,16,1.00000000,29,0,0,29
mapa_2,Densidad media y laberinto corporativo,IDA*,175,21261101,16,16,1.00000000,31,0,0,31
mapa_2,Densidad media y laberinto corporativo,GA,175,21261101,16,16,1.00000000,39,0,0,39
mapa_2,Densidad media y laberinto corporativo,BFS,176,21261102,16,16,1.00000000,29,0,0,29
mapa_2,Densidad media y laberinto corporativo,UCS,176,21261102,16,16,1.00000000,29,0,0,29
mapa_2,Densidad media y laberinto corporativo,A*,176,21261102,16,16,1.00000000,29,0,0,29
mapa_2,Densidad media y laberinto corporativo,IDA*,176,21261102,16,16,1.00000000,29,0,0,29
mapa_2,Densidad media y laberinto corporativo,GA,176,21261102,16,16,1.00000000,34,0,0,34
mapa_2,Densidad media y laberinto corporativo,BFS,177,21261103,16,16,1.00000000,30,0,0,30
mapa_2,Densidad media y laberinto corporativo,UCS,177,21261103,16,16,1.00000000,31,0,0,31
mapa_2,Densidad media y laberinto corporativo,A*,177,21261103,16,16,1.00000000,31,0,0,31
mapa_2,Densidad media y laberinto corporativo,IDA*,177,21261103,16,16,1.00000000,31,0,0,31
mapa_2,Densidad media y laberinto corporativo,GA,177,21261103,16,16,1.00000000,39,0,0,39
mapa_2,Densidad media y laberinto corporativo,BFS,178,21261104,16,16,1.00000000,28,0,0,28
mapa_2,Densidad media y laberinto corporativo,UCS,178,21261104,16,16,1.00000000,29,0,0,29
mapa_2,Densidad media y laberinto corporativo,A*,178,21261104,16,16,1.00000000,29,0,0,29
mapa_2,Densidad media y laberinto corporativo,IDA*,178,21261104,16,16,1.00000000,29,0,0,29
mapa_2,Densidad media y laberinto corporativo,GA,178,21261104,16,16,1.00000000,33,0,0,33
mapa_2,Densidad media y laberinto corporativo,BFS,179,21261105,16,16,1.00000000,30,0,0,30
mapa_2,Densidad media y laberinto corporativo,UCS,179,21261105,16,16,1.00000000,30,0,0,30
mapa_2,Densidad media y laberinto corporativo,A*,179,21261105,16,16,1.00000000,34,0,0,34
mapa_2,Densidad media y laberinto corporativo,IDA*,179,21261105,16,16,1.00000000,30,0,0,30
mapa_2,Densidad media y laberinto corporativo,GA,179,21261105,16,16,1.00000000,32,0,0,32
mapa_2,Densidad media y laberinto corporativo,BFS,180,21261106,16,16,1.00000000,28,0,0,28
mapa_2,Densidad media y laberinto corporativo,UCS,180,21261106,16,16,1.00000000,30,0,0,30
mapa_2,Densidad media y laberinto corporativo,A*,180,21261106,16,16,1.00000000,28,0,0,28
mapa_2,Densidad media y laberinto corporativo,IDA*,180,21261106,16,16,1.00000000,30,0,0,30
mapa_2,Densidad media y laberinto corporativo,GA,180,21261106,16,16,1.00000000,35,0,0,35
mapa_2,Densidad media y laberinto corporativo,BFS,181,21261107,16,16,1.00000000,28,0,0,28
mapa_2,Densidad media y laberinto corporativo,UCS,181,21261107,16,16,1.00000000,32,0,0,32
mapa_2,Densidad media y laberinto corporativo,A*,181,21261107,16,16,1.00000000,32,0,0,32
mapa_2,Densidad media y laberinto corporativo,IDA*,181,21261107,16,16,1.00000000,32,0,0,32
mapa_2,Densidad media y laberinto corporativo,GA,181,21261107,16,16,1.00000000,33,0,0,33
mapa_2,Densidad media y laberinto corporativo,BFS,182,21261108,16,16,1.00000000,28,0,0,28
mapa_2,Densidad media y laberinto corporativo,UCS,182,21261108,16,16,1.00000000,29,0,0,29
mapa_2,Densidad media y laberinto corporativo,A*,182,21261108,16,16,1.00000000,28,0,0,28
mapa_2,Densidad media y laberinto corporativo,IDA*,182,21261108,16,16,1.00000000,29,0,0,29
mapa_2,Densidad media y laberinto corporativo,GA,182,21261108,16,16,1.00000000,34,0,0,34
mapa_2,Densidad media y laberinto corporativo,BFS,183,21261109,16,16,1.00000000,27,0,0,27
mapa_2,Densidad media y laberinto corporativo,UCS,183,21261109,16,16,1.00000000,31,0,0,31
mapa_2,Densidad media y laberinto corporativo,A*,183,21261109,16,16,1.00000000,29,0,0,29
mapa_2,Densidad media y laberinto corporativo,IDA*,183,21261109,16,16,1.00000000,31,0,0,31
mapa_2,Densidad media y laberinto corporativo,GA,183,21261109,16,16,1.00000000,33,0,0,33
mapa_2,Densidad media y laberinto corporativo,BFS,184,21261110,16,16,1.00000000,28,0,0,28
mapa_2,Densidad media y laberinto corporativo,UCS,184,21261110,16,16,1.00000000,29,0,0,29
mapa_2,Densidad media y laberinto corporativo,A*,184,21261110,16,16,1.00000000,31,0,0,31
mapa_2,Densidad media y laberinto corporativo,IDA*,184,21261110,16,16,1.00000000,29,0,0,29
mapa_2,Densidad media y laberinto corporativo,GA,184,21261110,16,16,1.00000000,33,0,0,33
mapa_2,Densidad media y laberinto corporativo,BFS,185,21261111,16,16,1.00000000,29,0,0,29
mapa_2,Densidad media y laberinto corporativo,UCS,185,21261111,16,16,1.00000000,35,0,0,35
mapa_2,Densidad media y laberinto corporativo,A*,185,21261111,16,16,1.00000000,35,0,0,35
mapa_2,Densidad media y laberinto corporativo,IDA*,185,21261111,16,16,1.00000000,35,0,0,35
mapa_2,Densidad media y laberinto corporativo,GA,185,21261111,16,16,1.00000000,39,0,0,39
mapa_2,Densidad media y laberinto corporativo,BFS,186,21261112,16,15,0.93750000,28,1,0,28
mapa_2,Densidad media y laberinto corporativo,UCS,186,21261112,16,15,0.93750000,30,1,0,30
mapa_2,Densidad media y laberinto corporativo,A*,186,21261112,16,15,0.93750000,29,1,0,29
mapa_2,Densidad media y laberinto corporativo,IDA*,186,21261112,16,15,0.93750000,30,1,0,30
mapa_2,Densidad media y laberinto corporativo,GA,186,21261112,16,15,0.93750000,43,1,0,43
mapa_2,Densidad media y laberinto corporativo,BFS,187,21261113,16,16,1.00000000,30,0,0,30
mapa_2,Densidad media y laberinto corporativo,UCS,187,21261113,16,16,1.00000000,32,0,0,32
mapa_2,Densidad media y laberinto corporativo,A*,187,21261113,16,16,1.00000000,33,0,0,33
mapa_2,Densidad media y laberinto corporativo,IDA*,187,21261113,16,16,1.00000000,33,0,0,33
mapa_2,Densidad media y laberinto corporativo,GA,187,21261113,16,16,1.00000000,38,0,0,38
mapa_2,Densidad media y laberinto corporativo,BFS,188,21261114,16,16,1.00000000,29,0,0,29
mapa_2,Densidad media y laberinto corporativo,UCS,188,21261114,16,16,1.00000000,33,0,0,33
mapa_2,Densidad media y laberinto corporativo,A*,188,21261114,16,16,1.00000000,33,0,0,33
mapa_2,Densidad media y laberinto corporativo,IDA*,188,21261114,16,16,1.00000000,33,0,0,33
mapa_2,Densidad media y laberinto corporativo,GA,188,21261114,16,16,1.00000000,39,0,0,39
mapa_2,Densidad media y laberinto corporativo,BFS,189,21261115,16,16,1.00000000,28,0,0,28
mapa_2,Densidad media y laberinto corporativo,UCS,189,21261115,16,16,1.00000000,30,0,0,30
mapa_2,Densidad media y laberinto corporativo,A*,189,21261115,16,16,1.00000000,29,0,0,29
mapa_2,Densidad media y laberinto corporativo,IDA*,189,21261115,16,16,1.00000000,30,0,0,30
mapa_2,Densidad media y laberinto corporativo,GA,189,21261115,16,16,1.00000000,37,0,0,37
mapa_2,Densidad media y laberinto corporativo,BFS,190,21261116,16,15,0.93750000,28,1,0,28
mapa_2,Densidad media y laberinto corporativo,UCS,190,21261116,16,15,0.93750000,28,1,0,28
mapa_2,Densidad media y laberinto corporativo,A*,190,21261116,16,16,1.00000000,33,0,0,33
mapa_2,Densidad media y laberinto corporativo,IDA*,190,21261116,16,15,0.93750000,28,1,0,28
mapa_2,Densidad media y laberinto corporativo,GA,190,21261116,16,16,1.00000000,35,0,0,35
mapa_2,Densidad media y laberinto corporativo,BFS,191,21261117,16,16,1.00000000,25,0,0,25
mapa_2,Densidad media y laberinto corporativo,UCS,191,21261117,16,16,1.00000000,27,0,0,27
mapa_2,Densidad media y laberinto corporativo,A*,191,21261117,16,16,1.00000000,25,0,0,25
mapa_2,Densidad media y laberinto corporativo,IDA*,191,21261117,16,16,1.00000000,27,0,0,27
mapa_2,Densidad media y laberinto corporativo,GA,191,21261117,16,16,1.00000000,31,0,0,31
mapa_2,Densidad media y laberinto corporativo,BFS,192,21261118,16,14,0.87500000,29,2,0,29
mapa_2,Densidad media y laberinto corporativo,UCS,192,21261118,16,14,0.87500000,29,2,0,29
mapa_2,Densidad media y laberinto corporativo,A*,192,21261118,16,14,0.87500000,29,2,0,29
mapa_2,Densidad media y laberinto corporativo,IDA*,192,21261118,16,14,0.87500000,29,2,0,29
mapa_2,Densidad media y laberinto corporativo,GA,192,21261118,16,14,0.87500000,35,2,0,35
mapa_2,Densidad media y laberinto corporativo,BFS,193,21261119,16,16,1.00000000,32,0,0,32
mapa_2,Densidad media y laberinto corporativo,UCS,193,21261119,16,16,1.00000000,32,0,0,32
mapa_2,Densidad media y laberinto corporativo,A*,193,21261119,16,16,1.00000000,32,0,0,32
mapa_2,Densidad media y laberinto corporativo,IDA*,193,21261119,16,16,1.00000000,32,0,0,32
mapa_2,Densidad media y laberinto corporativo,GA,193,21261119,16,16,1.00000000,39,0,0,39
mapa_2,Densidad media y laberinto corporativo,BFS,194,21261120,16,16,1.00000000,28,0,0,28
mapa_2,Densidad media y laberinto corporativo,UCS,194,21261120,16,16,1.00000000,30,0,0,30
mapa_2,Densidad media y laberinto corporativo,A*,194,21261120,16,16,1.00000000,28,0,0,28
mapa_2,Densidad media y laberinto corporativo,IDA*,194,21261120,16,16,1.00000000,30,0,0,30
mapa_2,Densidad media y laberinto corporativo,GA,194,21261120,16,16,1.00000000,37,0,0,37
mapa_2,Densidad media y laberinto corporativo,BFS,195,21261121,16,16,1.00000000,30,0,0,30
mapa_2,Densidad media y laberinto corporativo,UCS,195,21261121,16,16,1.00000000,30,0,0,30
mapa_2,Densidad media y laberinto corporativo,A*,195,21261121,16,16,1.00000000,32,0,0,32
mapa_2,Densidad media y laberinto corporativo,IDA*,195,21261121,16,16,1.00000000,30,0,0,30
mapa_2,Densidad media y laberinto corporativo,GA,195,21261121,16,16,1.00000000,38,0,0,38
mapa_2,Densidad media y laberinto corporativo,BFS,196,21261122,16,16,1.00000000,29,0,0,29
mapa_2,Densidad media y laberinto corporativo,UCS,196,21261122,16,16,1.00000000,32,0,0,32
mapa_2,Densidad media y laberinto corporativo,A*,196,21261122,16,16,1.00000000,29,0,0,29
mapa_2,Densidad media y laberinto corporativo,IDA*,196,21261122,16,16,1.00000000,32,0,0,32
mapa_2,Densidad media y laberinto corporativo,GA,196,21261122,16,16,1.00000000,43,0,0,43
mapa_2,Densidad media y laberinto corporativo,BFS,197,21261123,16,16,1.00000000,25,0,0,25
mapa_2,Densidad media y laberinto corporativo,UCS,197,21261123,16,16,1.00000000,25,0,0,25
mapa_2,Densidad media y laberinto corporativo,A*,197,21261123,16,16,1.00000000,25,0,0,25
mapa_2,Densidad media y laberinto corporativo,IDA*,197,21261123,16,16,1.00000000,25,0,0,25
mapa_2,Densidad media y laberinto corporativo,GA,197,21261123,16,16,1.00000000,31,0,0,31
mapa_2,Densidad media y laberinto corporativo,BFS,198,21261124,16,16,1.00000000,37,0,0,37
mapa_2,Densidad media y laberinto corporativo,UCS,198,21261124,16,16,1.00000000,39,0,0,39
mapa_2,Densidad media y laberinto corporativo,A*,198,21261124,16,16,1.00000000,37,0,0,37
mapa_2,Densidad media y laberinto corporativo,IDA*,198,21261124,16,16,1.00000000,39,0,0,39
mapa_2,Densidad media y laberinto corporativo,GA,198,21261124,16,16,1.00000000,37,0,0,37
mapa_2,Densidad media y laberinto corporativo,BFS,199,21261125,16,16,1.00000000,29,0,0,29
mapa_2,Densidad media y laberinto corporativo,UCS,199,21261125,16,16,1.00000000,30,0,0,30
mapa_2,Densidad media y laberinto corporativo,A*,199,21261125,16,16,1.00000000,32,0,0,32
mapa_2,Densidad media y laberinto corporativo,IDA*,199,21261125,16,16,1.00000000,30,0,0,30
mapa_2,Densidad media y laberinto corporativo,GA,199,21261125,16,16,1.00000000,32,0,0,32
mapa_2,Densidad media y laberinto corporativo,BFS,200,21261126,16,16,1.00000000,30,0,0,30
mapa_2,Densidad media y laberinto corporativo,UCS,200,21261126,16,16,1.00000000,34,0,0,34
mapa_2,Densidad media y laberinto corporativo,A*,200,21261126,16,16,1.00000000,32,0,0,32
mapa_2,Densidad media y laberinto corporativo,IDA*,200,21261126,16,16,1.00000000,34,0,0,34
mapa_2,Densidad media y laberinto corporativo,GA,200,21261126,16,16,1.00000000,37,0,0,37
mapa_3,Baja densidad y dispersión abierta,BFS,1,22260927,18,18,1.00000000,23,0,0,23
mapa_3,Baja densidad y dispersión abierta,UCS,1,22260927,18,18,1.00000000,25,0,0,25
mapa_3,Baja densidad y dispersión abierta,A*,1,22260927,18,18,1.00000000,25,0,0,25
mapa_3,Baja densidad y dispersión abierta,IDA*,1,22260927,18,18,1.00000000,25,0,0,25
mapa_3,Baja densidad y dispersión abierta,GA,1,22260927,18,18,1.00000000,29,0,0,29
mapa_3,Baja densidad y dispersión abierta,BFS,2,22260928,18,18,1.00000000,27,0,0,27
mapa_3,Baja densidad y dispersión abierta,UCS,2,22260928,18,18,1.00000000,28,0,0,28
mapa_3,Baja densidad y dispersión abierta,A*,2,22260928,18,18,1.00000000,30,0,0,30
mapa_3,Baja densidad y dispersión abierta,IDA*,2,22260928,18,18,1.00000000,28,0,0,28
mapa_3,Baja densidad y dispersión abierta,GA,2,22260928,18,18,1.00000000,33,0,0,33
mapa_3,Baja densidad y dispersión abierta,BFS,3,22260929,18,18,1.00000000,25,0,0,25
mapa_3,Baja densidad y dispersión abierta,UCS,3,22260929,18,18,1.00000000,27,0,0,27
mapa_3,Baja densidad y dispersión abierta,A*,3,22260929,18,18,1.00000000,27,0,0,27
mapa_3,Baja densidad y dispersión abierta,IDA*,3,22260929,18,18,1.00000000,27,0,0,27
mapa_3,Baja densidad y dispersión abierta,GA,3,22260929,18,18,1.00000000,29,0,0,29
mapa_3,Baja densidad y dispersión abierta,BFS,4,22260930,18,18,1.00000000,23,0,0,23
mapa_3,Baja densidad y dispersión abierta,UCS,4,22260930,18,18,1.00000000,25,0,0,25
mapa_3,Baja densidad y dispersión abierta,A*,4,22260930,18,18,1.00000000,25,0,0,25
mapa_3,Baja densidad y dispersión abierta,IDA*,4,22260930,18,18,1.00000000,25,0,0,25
mapa_3,Baja densidad y dispersión abierta,GA,4,22260930,18,18,1.00000000,27,0,0,27
mapa_3,Baja densidad y dispersión abierta,BFS,5,22260931,18,18,1.00000000,26,0,0,26
mapa_3,Baja densidad y dispersión abierta,UCS,5,22260931,18,18,1.00000000,29,0,0,29
mapa_3,Baja densidad y dispersión abierta,A*,5,22260931,18,18,1.00000000,29,0,0,29
mapa_3,Baja densidad y dispersión abierta,IDA*,5,22260931,18,18,1.00000000,29,0,0,29
mapa_3,Baja densidad y dispersión abierta,GA,5,22260931,18,18,1.00000000,31,0,0,31
mapa_3,Baja densidad y dispersión abierta,BFS,6,22260932,18,18,1.00000000,26,0,0,26
mapa_3,Baja densidad y dispersión abierta,UCS,6,22260932,18,18,1.00000000,26,0,0,26
mapa_3,Baja densidad y dispersión abierta,A*,6,22260932,18,18,1.00000000,26,0,0,26
mapa_3,Baja densidad y dispersión abierta,IDA*,6,22260932,18,18,1.00000000,26,0,0,26
mapa_3,Baja densidad y dispersión abierta,GA,6,22260932,18,18,1.00000000,32,0,0,32
mapa_3,Baja densidad y dispersión abierta,BFS,7,22260933,18,18,1.00000000,28,0,0,28
mapa_3,Baja densidad y dispersión abierta,UCS,7,22260933,18,18,1.00000000,32,0,0,32
mapa_3,Baja densidad y dispersión abierta,A*,7,22260933,18,18,1.00000000,30,0,0,30
mapa_3,Baja densidad y dispersión abierta,IDA*,7,22260933,18,18,1.00000000,32,0,0,32
mapa_3,Baja densidad y dispersión abierta,GA,7,22260933,18,18,1.00000000,36,0,0,36
mapa_3,Baja densidad y dispersión abierta,BFS,8,22260934,18,18,1.00000000,28,0,0,28
mapa_3,Baja densidad y dispersión abierta,UCS,8,22260934,18,18,1.00000000,31,0,0,31
mapa_3,Baja densidad y dispersión abierta,A*,8,22260934,18,18,1.00000000,29,0,0,29
mapa_3,Baja densidad y dispersión abierta,IDA*,8,22260934,18,18,1.00000000,31,0,0,31
mapa_3,Baja densidad y dispersión abierta,GA,8,22260934,18,18,1.00000000,33,0,0,33
mapa_3,Baja densidad y dispersión abierta,BFS,9,22260935,18,18,1.00000000,26,0,0,26
mapa_3,Baja densidad y dispersión abierta,UCS,9,22260935,18,18,1.00000000,26,0,0,26
mapa_3,Baja densidad y dispersión abierta,A*,9,22260935,18,18,1.00000000,26,0,0,26
mapa_3,Baja densidad y dispersión abierta,IDA*,9,22260935,18,18,1.00000000,26,0,0,26
mapa_3,Baja densidad y dispersión abierta,GA,9,22260935,18,18,1.00000000,28,0,0,28
mapa_3,Baja densidad y dispersión abierta,BFS,10,22260936,18,18,1.00000000,27,0,0,27
mapa_3,Baja densidad y dispersión abierta,UCS,10,22260936,18,18,1.00000000,28,0,0,28
mapa_3,Baja densidad y dispersión abierta,A*,10,22260936,18,18,1.00000000,28,0,0,28
mapa_3,Baja densidad y dispersión abierta,IDA*,10,22260936,18,18,1.00000000,28,0,0,28
mapa_3,Baja densidad y dispersión abierta,GA,10,22260936,18,18,1.00000000,31,0,0,31
mapa_3,Baja densidad y dispersión abierta,BFS,11,22260937,18,18,1.00000000,25,0,0,25
mapa_3,Baja densidad y dispersión abierta,UCS,11,22260937,18,18,1.00000000,27,0,0,27
mapa_3,Baja densidad y dispersión abierta,A*,11,22260937,18,18,1.00000000,27,0,0,27
mapa_3,Baja densidad y dispersión abierta,IDA*,11,22260937,18,18,1.00000000,27,0,0,27
mapa_3,Baja densidad y dispersión abierta,GA,11,22260937,18,18,1.00000000,29,0,0,29
mapa_3,Baja densidad y dispersión abierta,BFS,12,22260938,18,18,1.00000000,26,0,0,26
mapa_3,Baja densidad y dispersión abierta,UCS,12,22260938,18,18,1.00000000,28,0,0,28
mapa_3,Baja densidad y dispersión abierta,A*,12,22260938,18,18,1.00000000,28,0,0,28
mapa_3,Baja densidad y dispersión abierta,IDA*,12,22260938,18,18,1.00000000,28,0,0,28
mapa_3,Baja densidad y dispersión abierta,GA,12,22260938,18,18,1.00000000,31,0,0,31
mapa_3,Baja densidad y dispersión abierta,BFS,13,22260939,18,18,1.00000000,25,0,0,25
mapa_3,Baja densidad y dispersión abierta,UCS,13,22260939,18,18,1.00000000,27,0,0,27
mapa_3,Baja densidad y dispersión abierta,A*,13,22260939,18,18,1.00000000,27,0,0,27
mapa_3,Baja densidad y dispersión abierta,IDA*,13,22260939,18,18,1.00000000,27,0,0,27
mapa_3,Baja densidad y dispersión abierta,GA,13,22260939,18,18,1.00000000,33,0,0,33
mapa_3,Baja densidad y dispersión abierta,BFS,14,22260940,18,18,1.00000000,28,0,0,28
mapa_3,Baja densidad y dispersión abierta,UCS,14,22260940,18,18,1.00000000,32,0,0,32
mapa_3,Baja densidad y dispersión abierta,A*,14,22260940,18,18,1.00000000,29,0,0,29
mapa_3,Baja densidad y dispersión abierta,IDA*,14,22260940,18,18,1.00000000,32,0,0,32
mapa_3,Baja densidad y dispersión abierta,GA,14,22260940,18,18,1.00000000,36,0,0,36
mapa_3,Baja densidad y dispersión abierta,BFS,15,22260941,18,18,1.00000000,26,0,0,26
mapa_3,Baja densidad y dispersión abierta,UCS,15,22260941,18,18,1.00000000,30,0,0,30
mapa_3,Baja densidad y dispersión abierta,A*,15,22260941,18,18,1.00000000,30,0,0,30
mapa_3,Baja densidad y dispersión abierta,IDA*,15,22260941,18,18,1.00000000,30,0,0,30
mapa_3,Baja densidad y dispersión abierta,GA,15,22260941,18,18,1.00000000,34,0,0,34
mapa_3,Baja densidad y dispersión abierta,BFS,16,22260942,18,18,1.00000000,26,0,0,26
mapa_3,Baja densidad y dispersión abierta,UCS,16,22260942,18,18,1.00000000,30,0,0,30
mapa_3,Baja densidad y dispersión abierta,A*,16,22260942,18,18,1.00000000,29,0,0,29
mapa_3,Baja densidad y dispersión abierta,IDA*,16,22260942,18,18,1.00000000,30,0,0,30
mapa_3,Baja densidad y dispersión abierta,GA,16,22260942,18,18,1.00000000,35,0,0,35
mapa_3,Baja densidad y dispersión abierta,BFS,17,22260943,18,18,1.00000000,28,0,0,28
mapa_3,Baja densidad y dispersión abierta,UCS,17,22260943,18,18,1.00000000,28,0,0,28
mapa_3,Baja densidad y dispersión abierta,A*,17,22260943,18,18,1.00000000,28,0,0,28
mapa_3,Baja densidad y dispersión abierta,IDA*,17,22260943,18,18,1.00000000,30,0,0,30
mapa_3,Baja densidad y dispersión abierta,GA,17,22260943,18,18,1.00000000,33,0,0,33
mapa_3,Baja densidad y dispersión abierta,BFS,18,22260944,18,18,1.00000000,26,0,0,26
mapa_3,Baja densidad y dispersión abierta,UCS,18,22260944,18,18,1.00000000,28,0,0,28
mapa_3,Baja densidad y dispersión abierta,A*,18,22260944,18,18,1.00000000,28,0,0,28
mapa_3,Baja densidad y dispersión abierta,IDA*,18,22260944,18,18,1.00000000,28,0,0,28
mapa_3,Baja densidad y dispersión abierta,GA,18,22260944,18,18,1.00000000,28,0,0,28
mapa_3,Baja densidad y dispersión abierta,BFS,19,22260945,18,18,1.00000000,26,0,0,26
mapa_3,Baja densidad y dispersión abierta,UCS,19,22260945,18,18,1.00000000,29,0,0,29
mapa_3,Baja densidad y dispersión abierta,A*,19,22260945,18,18,1.00000000,26,0,0,26
mapa_3,Baja densidad y dispersión abierta,IDA*,19,22260945,18,18,1.00000000,29,0,0,29
mapa_3,Baja densidad y dispersión abierta,GA,19,22260945,18,18,1.00000000,29,0,0,29
mapa_3,Baja densidad y dispersión abierta,BFS,20,22260946,18,18,1.00000000,29,0,0,29
mapa_3,Baja densidad y dispersión abierta,UCS,20,22260946,18,18,1.00000000,30,0,0,30
mapa_3,Baja densidad y dispersión abierta,A*,20,22260946,18,18,1.00000000,30,0,0,30
mapa_3,Baja densidad y dispersión abierta,IDA*,20,22260946,18,18,1.00000000,30,0,0,30
mapa_3,Baja densidad y dispersión abierta,GA,20,22260946,18,18,1.00000000,32,0,0,32
mapa_3,Baja densidad y dispersión abierta,BFS,21,22260947,18,18,1.00000000,26,0,0,26
mapa_3,Baja densidad y dispersión abierta,UCS,21,22260947,18,18,1.00000000,27,0,0,27
mapa_3,Baja densidad y dispersión abierta,A*,21,22260947,18,18,1.00000000,27,0,0,27
mapa_3,Baja densidad y dispersión abierta,IDA*,21,22260947,18,18,1.00000000,27,0,0,27
mapa_3,Baja densidad y dispersión abierta,GA,21,22260947,18,18,1.00000000,30,0,0,30
mapa_3,Baja densidad y dispersión abierta,BFS,22,22260948,18,18,1.00000000,26,0,0,26
mapa_3,Baja densidad y dispersión abierta,UCS,22,22260948,18,18,1.00000000,28,0,0,28
mapa_3,Baja densidad y dispersión abierta,A*,22,22260948,18,18,1.00000000,28,0,0,28
mapa_3,Baja densidad y dispersión abierta,IDA*,22,22260948,18,18,1.00000000,28,0,0,28
mapa_3,Baja densidad y dispersión abierta,GA,22,22260948,18,18,1.00000000,32,0,0,32
mapa_3,Baja densidad y dispersión abierta,BFS,23,22260949,18,18,1.00000000,27,0,0,27
mapa_3,Baja densidad y dispersión abierta,UCS,23,22260949,18,18,1.00000000,31,0,0,31
mapa_3,Baja densidad y dispersión abierta,A*,23,22260949,18,18,1.00000000,31,0,0,31
mapa_3,Baja densidad y dispersión abierta,IDA*,23,22260949,18,18,1.00000000,31,0,0,31
mapa_3,Baja densidad y dispersión abierta,GA,23,22260949,18,18,1.00000000,35,0,0,35
mapa_3,Baja densidad y dispersión abierta,BFS,24,22260950,18,18,1.00000000,28,0,0,28
mapa_3,Baja densidad y dispersión abierta,UCS,24,22260950,18,18,1.00000000,29,0,0,29
mapa_3,Baja densidad y dispersión abierta,A*,24,22260950,18,18,1.00000000,29,0,0,29
mapa_3,Baja densidad y dispersión abierta,IDA*,24,22260950,18,18,1.00000000,29,0,0,29
mapa_3,Baja densidad y dispersión abierta,GA,24,22260950,18,18,1.00000000,35,0,0,35
mapa_3,Baja densidad y dispersión abierta,BFS,25,22260951,18,18,1.00000000,25,0,0,25
mapa_3,Baja densidad y dispersión abierta,UCS,25,22260951,18,18,1.00000000,25,0,0,25
mapa_3,Baja densidad y dispersión abierta,A*,25,22260951,18,18,1.00000000,26,0,0,26
mapa_3,Baja densidad y dispersión abierta,IDA*,25,22260951,18,18,1.00000000,25,0,0,25
mapa_3,Baja densidad y dispersión abierta,GA,25,22260951,18,18,1.00000000,30,0,0,30
mapa_3,Baja densidad y dispersión abierta,BFS,26,22260952,18,18,1.00000000,28,0,0,28
mapa_3,Baja densidad y dispersión abierta,UCS,26,22260952,18,18,1.00000000,29,0,0,29
mapa_3,Baja densidad y dispersión abierta,A*,26,22260952,18,18,1.00000000,29,0,0,29
mapa_3,Baja densidad y dispersión abierta,IDA*,26,22260952,18,18,1.00000000,29,0,0,29
mapa_3,Baja densidad y dispersión abierta,GA,26,22260952,18,18,1.00000000,33,0,0,33
mapa_3,Baja densidad y dispersión abierta,BFS,27,22260953,18,18,1.00000000,28,0,0,28
mapa_3,Baja densidad y dispersión abierta,UCS,27,22260953,18,18,1.00000000,32,0,0,32
mapa_3,Baja densidad y dispersión abierta,A*,27,22260953,18,18,1.00000000,31,0,0,31
mapa_3,Baja densidad y dispersión abierta,IDA*,27,22260953,18,18,1.00000000,32,0,0,32
mapa_3,Baja densidad y dispersión abierta,GA,27,22260953,18,18,1.00000000,36,0,0,36
mapa_3,Baja densidad y dispersión abierta,BFS,28,22260954,18,18,1.00000000,27,0,0,27
mapa_3,Baja densidad y dispersión abierta,UCS,28,22260954,18,18,1.00000000,30,0,0,30
mapa_3,Baja densidad y dispersión abierta,A*,28,22260954,18,18,1.00000000,29,0,0,29
mapa_3,Baja densidad y dispersión abierta,IDA*,28,22260954,18,18,1.00000000,30,0,0,30
mapa_3,Baja densidad y dispersión abierta,GA,28,22260954,18,18,1.00000000,30,0,0,30
mapa_3,Baja densidad y dispersión abierta,BFS,29,22260955,18,18,1.00000000,25,0,0,25
mapa_3,Baja densidad y dispersión abierta,UCS,29,22260955,18,18,1.00000000,26,0,0,26
mapa_3,Baja densidad y dispersión abierta,A*,29,22260955,18,18,1.00000000,27,0,0,27
mapa_3,Baja densidad y dispersión abierta,IDA*,29,22260955,18,18,1.00000000,26,0,0,26
mapa_3,Baja densidad y dispersión abierta,GA,29,22260955,18,18,1.00000000,30,0,0,30
mapa_3,Baja densidad y dispersión abierta,BFS,30,22260956,18,18,1.00000000,27,0,0,27
mapa_3,Baja densidad y dispersión abierta,UCS,30,22260956,18,18,1.00000000,29,0,0,29
mapa_3,Baja densidad y dispersión abierta,A*,30,22260956,18,18,1.00000000,29,0,0,29
mapa_3,Baja densidad y dispersión abierta,IDA*,30,22260956,18,18,1.00000000,29,0,0,29
mapa_3,Baja densidad y dispersión abierta,GA,30,22260956,18,18,1.00000000,31,0,0,31
mapa_3,Baja densidad y dispersión abierta,BFS,31,22260957,18,18,1.00000000,26,0,0,26
mapa_3,Baja densidad y dispersión abierta,UCS,31,22260957,18,18,1.00000000,28,0,0,28
mapa_3,Baja densidad y dispersión abierta,A*,31,22260957,18,18,1.00000000,27,0,0,27
mapa_3,Baja densidad y dispersión abierta,IDA*,31,22260957,18,18,1.00000000,29,0,0,29
mapa_3,Baja densidad y dispersión abierta,GA,31,22260957,18,18,1.00000000,31,0,0,31
mapa_3,Baja densidad y dispersión abierta,BFS,32,22260958,18,18,1.00000000,31,0,0,31
mapa_3,Baja densidad y dispersión abierta,UCS,32,22260958,18,18,1.00000000,33,0,0,33
mapa_3,Baja densidad y dispersión abierta,A*,32,22260958,18,18,1.00000000,32,0,0,32
mapa_3,Baja densidad y dispersión abierta,IDA*,32,22260958,18,18,1.00000000,33,0,0,33
mapa_3,Baja densidad y dispersión abierta,GA,32,22260958,18,18,1.00000000,35,0,0,35
mapa_3,Baja densidad y dispersión abierta,BFS,33,22260959,18,18,1.00000000,27,0,0,27
mapa_3,Baja densidad y dispersión abierta,UCS,33,22260959,18,18,1.00000000,31,0,0,31
mapa_3,Baja densidad y dispersión abierta,A*,33,22260959,18,18,1.00000000,31,0,0,31
mapa_3,Baja densidad y dispersión abierta,IDA*,33,22260959,18,18,1.00000000,31,0,0,31
mapa_3,Baja densidad y dispersión abierta,GA,33,22260959,18,18,1.00000000,31,0,0,31
mapa_3,Baja densidad y dispersión abierta,BFS,34,22260960,18,18,1.00000000,24,0,0,24
mapa_3,Baja densidad y dispersión abierta,UCS,34,22260960,18,18,1.00000000,24,0,0,24
mapa_3,Baja densidad y dispersión abierta,A*,34,22260960,18,18,1.00000000,24,0,0,24
mapa_3,Baja densidad y dispersión abierta,IDA*,34,22260960,18,18,1.00000000,24,0,0,24
mapa_3,Baja densidad y dispersión abierta,GA,34,22260960,18,18,1.00000000,30,0,0,30
mapa_3,Baja densidad y dispersión abierta,BFS,35,22260961,18,18,1.00000000,27,0,0,27
mapa_3,Baja densidad y dispersión abierta,UCS,35,22260961,18,18,1.00000000,31,0,0,31
mapa_3,Baja densidad y dispersión abierta,A*,35,22260961,18,18,1.00000000,30,0,0,30
mapa_3,Baja densidad y dispersión abierta,IDA*,35,22260961,18,18,1.00000000,31,0,0,31
mapa_3,Baja densidad y dispersión abierta,GA,35,22260961,18,18,1.00000000,37,0,0,37
mapa_3,Baja densidad y dispersión abierta,BFS,36,22260962,18,18,1.00000000,26,0,0,26
mapa_3,Baja densidad y dispersión abierta,UCS,36,22260962,18,18,1.00000000,27,0,0,27
mapa_3,Baja densidad y dispersión abierta,A*,36,22260962,18,18,1.00000000,30,0,0,30
mapa_3,Baja densidad y dispersión abierta,IDA*,36,22260962,18,18,1.00000000,27,0,0,27
mapa_3,Baja densidad y dispersión abierta,GA,36,22260962,18,18,1.00000000,29,0,0,29
mapa_3,Baja densidad y dispersión abierta,BFS,37,22260963,18,18,1.00000000,24,0,0,24
mapa_3,Baja densidad y dispersión abierta,UCS,37,22260963,18,18,1.00000000,27,0,0,27
mapa_3,Baja densidad y dispersión abierta,A*,37,22260963,18,18,1.00000000,26,0,0,26
mapa_3,Baja densidad y dispersión abierta,IDA*,37,22260963,18,18,1.00000000,27,0,0,27
mapa_3,Baja densidad y dispersión abierta,GA,37,22260963,18,18,1.00000000,32,0,0,32
mapa_3,Baja densidad y dispersión abierta,BFS,38,22260964,18,18,1.00000000,27,0,0,27
mapa_3,Baja densidad y dispersión abierta,UCS,38,22260964,18,18,1.00000000,29,0,0,29
mapa_3,Baja densidad y dispersión abierta,A*,38,22260964,18,18,1.00000000,29,0,0,29
mapa_3,Baja densidad y dispersión abierta,IDA*,38,22260964,18,18,1.00000000,29,0,0,29
mapa_3,Baja densidad y dispersión abierta,GA,38,22260964,18,18,1.00000000,31,0,0,31
mapa_3,Baja densidad y dispersión abierta,BFS,39,22260965,18,18,1.00000000,27,0,0,27
mapa_3,Baja densidad y dispersión abierta,UCS,39,22260965,18,18,1.00000000,29,0,0,29
mapa_3,Baja densidad y dispersión abierta,A*,39,22260965,18,18,1.00000000,28,0,0,28
mapa_3,Baja densidad y dispersión abierta,IDA*,39,22260965,18,18,1.00000000,29,0,0,29
mapa_3,Baja densidad y dispersión abierta,GA,39,22260965,18,18,1.00000000,35,0,0,35
mapa_3,Baja densidad y dispersión abierta,BFS,40,22260966,18,18,1.00000000,24,0,0,24
mapa_3,Baja densidad y dispersión abierta,UCS,40,22260966,18,18,1.00000000,28,0,0,28
mapa_3,Baja densidad y dispersión abierta,A*,40,22260966,18,18,1.00000000,28,0,0,28
mapa_3,Baja densidad y dispersión abierta,IDA*,40,22260966,18,18,1.00000000,28,0,0,28
mapa_3,Baja densidad y dispersión abierta,GA,40,22260966,18,18,1.00000000,30,0,0,30
mapa_3,Baja densidad y dispersión abierta,BFS,41,22260967,18,18,1.00000000,25,0,0,25
mapa_3,Baja densidad y dispersión abierta,UCS,41,22260967,18,18,1.00000000,29,0,0,29
mapa_3,Baja densidad y dispersión abierta,A*,41,22260967,18,18,1.00000000,29,0,0,29
mapa_3,Baja densidad y dispersión abierta,IDA*,41,22260967,18,18,1.00000000,29,0,0,29
mapa_3,Baja densidad y dispersión abierta,GA,41,22260967,18,18,1.00000000,31,0,0,31
mapa_3,Baja densidad y dispersión abierta,BFS,42,22260968,18,18,1.00000000,26,0,0,26
mapa_3,Baja densidad y dispersión abierta,UCS,42,22260968,18,18,1.00000000,30,0,0,30
mapa_3,Baja densidad y dispersión abierta,A*,42,22260968,18,18,1.00000000,28,0,0,28
mapa_3,Baja densidad y dispersión abierta,IDA*,42,22260968,18,18,1.00000000,30,0,0,30
mapa_3,Baja densidad y dispersión abierta,GA,42,22260968,18,18,1.00000000,30,0,0,30
mapa_3,Baja densidad y dispersión abierta,BFS,43,22260969,18,18,1.00000000,28,0,0,28
mapa_3,Baja densidad y dispersión abierta,UCS,43,22260969,18,18,1.00000000,31,0,0,31
mapa_3,Baja densidad y dispersión abierta,A*,43,22260969,18,18,1.00000000,29,0,0,29
mapa_3,Baja densidad y dispersión abierta,IDA*,43,22260969,18,18,1.00000000,31,0,0,31
mapa_3,Baja densidad y dispersión abierta,GA,43,22260969,18,18,1.00000000,33,0,0,33
mapa_3,Baja densidad y dispersión abierta,BFS,44,22260970,18,18,1.00000000,26,0,0,26
mapa_3,Baja densidad y dispersión abierta,UCS,44,22260970,18,18,1.00000000,26,0,0,26
mapa_3,Baja densidad y dispersión abierta,A*,44,22260970,18,18,1.00000000,28,0,0,28
mapa_3,Baja densidad y dispersión abierta,IDA*,44,22260970,18,18,1.00000000,26,0,0,26
mapa_3,Baja densidad y dispersión abierta,GA,44,22260970,18,18,1.00000000,30,0,0,30
mapa_3,Baja densidad y dispersión abierta,BFS,45,22260971,18,18,1.00000000,26,0,0,26
mapa_3,Baja densidad y dispersión abierta,UCS,45,22260971,18,18,1.00000000,30,0,0,30
mapa_3,Baja densidad y dispersión abierta,A*,45,22260971,18,18,1.00000000,30,0,0,30
mapa_3,Baja densidad y dispersión abierta,IDA*,45,22260971,18,18,1.00000000,30,0,0,30
mapa_3,Baja densidad y dispersión abierta,GA,45,22260971,18,18,1.00000000,33,0,0,33
mapa_3,Baja densidad y dispersión abierta,BFS,46,22260972,18,18,1.00000000,20,0,0,20
mapa_3,Baja densidad y dispersión abierta,UCS,46,22260972,18,18,1.00000000,20,0,0,20
mapa_3,Baja densidad y dispersión abierta,A*,46,22260972,18,18,1.00000000,20,0,0,20
mapa_3,Baja densidad y dispersión abierta,IDA*,46,22260972,18,18,1.00000000,20,0,0,20
mapa_3,Baja densidad y dispersión abierta,GA,46,22260972,18,18,1.00000000,21,0,0,21
mapa_3,Baja densidad y dispersión abierta,BFS,47,22260973,18,18,1.00000000,25,0,0,25
mapa_3,Baja densidad y dispersión abierta,UCS,47,22260973,18,18,1.00000000,26,0,0,26
mapa_3,Baja densidad y dispersión abierta,A*,47,22260973,18,18,1.00000000,25,0,0,25
mapa_3,Baja densidad y dispersión abierta,IDA*,47,22260973,18,18,1.00000000,26,0,0,26
mapa_3,Baja densidad y dispersión abierta,GA,47,22260973,18,18,1.00000000,31,0,0,31
mapa_3,Baja densidad y dispersión abierta,BFS,48,22260974,18,18,1.00000000,26,0,0,26
mapa_3,Baja densidad y dispersión abierta,UCS,48,22260974,18,18,1.00000000,28,0,0,28
mapa_3,Baja densidad y dispersión abierta,A*,48,22260974,18,18,1.00000000,27,0,0,27
mapa_3,Baja densidad y dispersión abierta,IDA*,48,22260974,18,18,1.00000000,28,0,0,28
mapa_3,Baja densidad y dispersión abierta,GA,48,22260974,18,18,1.00000000,30,0,0,30
mapa_3,Baja densidad y dispersión abierta,BFS,49,22260975,18,18,1.00000000,27,0,0,27
mapa_3,Baja densidad y dispersión abierta,UCS,49,22260975,18,18,1.00000000,29,0,0,29
mapa_3,Baja densidad y dispersión abierta,A*,49,22260975,18,18,1.00000000,28,0,0,28
mapa_3,Baja densidad y dispersión abierta,IDA*,49,22260975,18,18,1.00000000,29,0,0,29
mapa_3,Baja densidad y dispersión abierta,GA,49,22260975,18,18,1.00000000,35,0,0,35
mapa_3,Baja densidad y dispersión abierta,BFS,50,22260976,18,18,1.00000000,26,0,0,26
mapa_3,Baja densidad y dispersión abierta,UCS,50,22260976,18,18,1.00000000,28,0,0,28
mapa_3,Baja densidad y dispersión abierta,A*,50,22260976,18,18,1.00000000,28,0,0,28
mapa_3,Baja densidad y dispersión abierta,IDA*,50,22260976,18,18,1.00000000,28,0,0,28
mapa_3,Baja densidad y dispersión abierta,GA,50,22260976,18,18,1.00000000,32,0,0,32
mapa_3,Baja densidad y dispersión abierta,BFS,51,22260977,18,18,1.00000000,24,0,0,24
mapa_3,Baja densidad y dispersión abierta,UCS,51,22260977,18,18,1.00000000,25,0,0,25
mapa_3,Baja densidad y dispersión abierta,A*,51,22260977,18,18,1.00000000,25,0,0,25
mapa_3,Baja densidad y dispersión abierta,IDA*,51,22260977,18,18,1.00000000,25,0,0,25
mapa_3,Baja densidad y dispersión abierta,GA,51,22260977,18,18,1.00000000,27,0,0,27
mapa_3,Baja densidad y dispersión abierta,BFS,52,22260978,18,18,1.00000000,26,0,0,26
mapa_3,Baja densidad y dispersión abierta,UCS,52,22260978,18,18,1.00000000,28,0,0,28
mapa_3,Baja densidad y dispersión abierta,A*,52,22260978,18,18,1.00000000,28,0,0,28
mapa_3,Baja densidad y dispersión abierta,IDA*,52,22260978,18,18,1.00000000,28,0,0,28
mapa_3,Baja densidad y dispersión abierta,GA,52,22260978,18,18,1.00000000,34,0,0,34
mapa_3,Baja densidad y dispersión abierta,BFS,53,22260979,18,18,1.00000000,26,0,0,26
mapa_3,Baja densidad y dispersión abierta,UCS,53,22260979,18,18,1.00000000,27,0,0,27
mapa_3,Baja densidad y dispersión abierta,A*,53,22260979,18,18,1.00000000,28,0,0,28
mapa_3,Baja densidad y dispersión abierta,IDA*,53,22260979,18,18,1.00000000,27,0,0,27
mapa_3,Baja densidad y dispersión abierta,GA,53,22260979,18,18,1.00000000,33,0,0,33
mapa_3,Baja densidad y dispersión abierta,BFS,54,22260980,18,18,1.00000000,25,0,0,25
mapa_3,Baja densidad y dispersión abierta,UCS,54,22260980,18,18,1.00000000,28,0,0,28
mapa_3,Baja densidad y dispersión abierta,A*,54,22260980,18,18,1.00000000,28,0,0,28
mapa_3,Baja densidad y dispersión abierta,IDA*,54,22260980,18,18,1.00000000,28,0,0,28
mapa_3,Baja densidad y dispersión abierta,GA,54,22260980,18,18,1.00000000,31,0,0,31
mapa_3,Baja densidad y dispersión abierta,BFS,55,22260981,18,18,1.00000000,26,0,0,26
mapa_3,Baja densidad y dispersión abierta,UCS,55,22260981,18,18,1.00000000,27,0,0,27
mapa_3,Baja densidad y dispersión abierta,A*,55,22260981,18,18,1.00000000,29,0,0,29
mapa_3,Baja densidad y dispersión abierta,IDA*,55,22260981,18,18,1.00000000,27,0,0,27
mapa_3,Baja densidad y dispersión abierta,GA,55,22260981,18,18,1.00000000,32,0,0,32
mapa_3,Baja densidad y dispersión abierta,BFS,56,22260982,18,18,1.00000000,28,0,0,28
mapa_3,Baja densidad y dispersión abierta,UCS,56,22260982,18,18,1.00000000,28,0,0,28
mapa_3,Baja densidad y dispersión abierta,A*,56,22260982,18,18,1.00000000,29,0,0,29
mapa_3,Baja densidad y dispersión abierta,IDA*,56,22260982,18,18,1.00000000,28,0,0,28
mapa_3,Baja densidad y dispersión abierta,GA,56,22260982,18,18,1.00000000,31,0,0,31
mapa_3,Baja densidad y dispersión abierta,BFS,57,22260983,18,18,1.00000000,24,0,0,24
mapa_3,Baja densidad y dispersión abierta,UCS,57,22260983,18,18,1.00000000,27,0,0,27
mapa_3,Baja densidad y dispersión abierta,A*,57,22260983,18,18,1.00000000,27,0,0,27
mapa_3,Baja densidad y dispersión abierta,IDA*,57,22260983,18,18,1.00000000,27,0,0,27
mapa_3,Baja densidad y dispersión abierta,GA,57,22260983,18,18,1.00000000,30,0,0,30
mapa_3,Baja densidad y dispersión abierta,BFS,58,22260984,18,18,1.00000000,27,0,0,27
mapa_3,Baja densidad y dispersión abierta,UCS,58,22260984,18,18,1.00000000,27,0,0,27
mapa_3,Baja densidad y dispersión abierta,A*,58,22260984,18,18,1.00000000,27,0,0,27
mapa_3,Baja densidad y dispersión abierta,IDA*,58,22260984,18,18,1.00000000,27,0,0,27
mapa_3,Baja densidad y dispersión abierta,GA,58,22260984,18,18,1.00000000,33,0,0,33
mapa_3,Baja densidad y dispersión abierta,BFS,59,22260985,18,18,1.00000000,27,0,0,27
mapa_3,Baja densidad y dispersión abierta,UCS,59,22260985,18,18,1.00000000,29,0,0,29
mapa_3,Baja densidad y dispersión abierta,A*,59,22260985,18,18,1.00000000,29,0,0,29
mapa_3,Baja densidad y dispersión abierta,IDA*,59,22260985,18,18,1.00000000,29,0,0,29
mapa_3,Baja densidad y dispersión abierta,GA,59,22260985,18,18,1.00000000,30,0,0,30
mapa_3,Baja densidad y dispersión abierta,BFS,60,22260986,18,18,1.00000000,27,0,0,27
mapa_3,Baja densidad y dispersión abierta,UCS,60,22260986,18,18,1.00000000,31,0,0,31
mapa_3,Baja densidad y dispersión abierta,A*,60,22260986,18,18,1.00000000,31,0,0,31
mapa_3,Baja densidad y dispersión abierta,IDA*,60,22260986,18,18,1.00000000,31,0,0,31
mapa_3,Baja densidad y dispersión abierta,GA,60,22260986,18,18,1.00000000,32,0,0,32
mapa_3,Baja densidad y dispersión abierta,BFS,61,22260987,18,18,1.00000000,26,0,0,26
mapa_3,Baja densidad y dispersión abierta,UCS,61,22260987,18,18,1.00000000,30,0,0,30
mapa_3,Baja densidad y dispersión abierta,A*,61,22260987,18,18,1.00000000,29,0,0,29
mapa_3,Baja densidad y dispersión abierta,IDA*,61,22260987,18,18,1.00000000,30,0,0,30
mapa_3,Baja densidad y dispersión abierta,GA,61,22260987,18,18,1.00000000,34,0,0,34
mapa_3,Baja densidad y dispersión abierta,BFS,62,22260988,18,18,1.00000000,27,0,0,27
mapa_3,Baja densidad y dispersión abierta,UCS,62,22260988,18,18,1.00000000,30,0,0,30
mapa_3,Baja densidad y dispersión abierta,A*,62,22260988,18,18,1.00000000,28,0,0,28
mapa_3,Baja densidad y dispersión abierta,IDA*,62,22260988,18,18,1.00000000,30,0,0,30
mapa_3,Baja densidad y dispersión abierta,GA,62,22260988,18,18,1.00000000,32,0,0,32
mapa_3,Baja densidad y dispersión abierta,BFS,63,22260989,18,18,1.00000000,25,0,0,25
mapa_3,Baja densidad y dispersión abierta,UCS,63,22260989,18,18,1.00000000,28,0,0,28
mapa_3,Baja densidad y dispersión abierta,A*,63,22260989,18,18,1.00000000,26,0,0,26
mapa_3,Baja densidad y dispersión abierta,IDA*,63,22260989,18,18,1.00000000,28,0,0,28
mapa_3,Baja densidad y dispersión abierta,GA,63,22260989,18,18,1.00000000,27,0,0,27
mapa_3,Baja densidad y dispersión abierta,BFS,64,22260990,18,18,1.00000000,27,0,0,27
mapa_3,Baja densidad y dispersión abierta,UCS,64,22260990,18,18,1.00000000,30,0,0,30
mapa_3,Baja densidad y dispersión abierta,A*,64,22260990,18,18,1.00000000,29,0,0,29
mapa_3,Baja densidad y dispersión abierta,IDA*,64,22260990,18,18,1.00000000,30,0,0,30
mapa_3,Baja densidad y dispersión abierta,GA,64,22260990,18,18,1.00000000,36,0,0,36
mapa_3,Baja densidad y dispersión abierta,BFS,65,22260991,18,18,1.00000000,26,0,0,26
mapa_3,Baja densidad y dispersión abierta,UCS,65,22260991,18,18,1.00000000,27,0,0,27
mapa_3,Baja densidad y dispersión abierta,A*,65,22260991,18,18,1.00000000,27,0,0,27
mapa_3,Baja densidad y dispersión abierta,IDA*,65,22260991,18,18,1.00000000,27,0,0,27
mapa_3,Baja densidad y dispersión abierta,GA,65,22260991,18,18,1.00000000,28,0,0,28
mapa_3,Baja densidad y dispersión abierta,BFS,66,22260992,18,18,1.00000000,22,0,0,22
mapa_3,Baja densidad y dispersión abierta,UCS,66,22260992,18,18,1.00000000,23,0,0,23
mapa_3,Baja densidad y dispersión abierta,A*,66,22260992,18,18,1.00000000,22,0,0,22
mapa_3,Baja densidad y dispersión abierta,IDA*,66,22260992,18,18,1.00000000,23,0,0,23
mapa_3,Baja densidad y dispersión abierta,GA,66,22260992,18,18,1.00000000,26,0,0,26
mapa_3,Baja densidad y dispersión abierta,BFS,67,22260993,18,18,1.00000000,26,0,0,26
mapa_3,Baja densidad y dispersión abierta,UCS,67,22260993,18,18,1.00000000,27,0,0,27
mapa_3,Baja densidad y dispersión abierta,A*,67,22260993,18,18,1.00000000,27,0,0,27
mapa_3,Baja densidad y dispersión abierta,IDA*,67,22260993,18,18,1.00000000,27,0,0,27
mapa_3,Baja densidad y dispersión abierta,GA,67,22260993,18,18,1.00000000,30,0,0,30
mapa_3,Baja densidad y dispersión abierta,BFS,68,22260994,18,18,1.00000000,28,0,0,28
mapa_3,Baja densidad y dispersión abierta,UCS,68,22260994,18,18,1.00000000,30,0,0,30
mapa_3,Baja densidad y dispersión abierta,A*,68,22260994,18,18,1.00000000,30,0,0,30
mapa_3,Baja densidad y dispersión abierta,IDA*,68,22260994,18,18,1.00000000,30,0,0,30
mapa_3,Baja densidad y dispersión abierta,GA,68,22260994,18,18,1.00000000,33,0,0,33
mapa_3,Baja densidad y dispersión abierta,BFS,69,22260995,18,18,1.00000000,25,0,0,25
mapa_3,Baja densidad y dispersión abierta,UCS,69,22260995,18,18,1.00000000,29,0,0,29
mapa_3,Baja densidad y dispersión abierta,A*,69,22260995,18,18,1.00000000,29,0,0,29
mapa_3,Baja densidad y dispersión abierta,IDA*,69,22260995,18,18,1.00000000,29,0,0,29
mapa_3,Baja densidad y dispersión abierta,GA,69,22260995,18,18,1.00000000,33,0,0,33
mapa_3,Baja densidad y dispersión abierta,BFS,70,22260996,18,18,1.00000000,27,0,0,27
mapa_3,Baja densidad y dispersión abierta,UCS,70,22260996,18,18,1.00000000,27,0,0,27
mapa_3,Baja densidad y dispersión abierta,A*,70,22260996,18,18,1.00000000,27,0,0,27
mapa_3,Baja densidad y dispersión abierta,IDA*,70,22260996,18,18,1.00000000,27,0,0,27
mapa_3,Baja densidad y dispersión abierta,GA,70,22260996,18,18,1.00000000,35,0,0,35
mapa_3,Baja densidad y dispersión abierta,BFS,71,22260997,18,18,1.00000000,28,0,0,28
mapa_3,Baja densidad y dispersión abierta,UCS,71,22260997,18,18,1.00000000,30,0,0,30
mapa_3,Baja densidad y dispersión abierta,A*,71,22260997,18,18,1.00000000,28,0,0,28
mapa_3,Baja densidad y dispersión abierta,IDA*,71,22260997,18,18,1.00000000,30,0,0,30
mapa_3,Baja densidad y dispersión abierta,GA,71,22260997,18,18,1.00000000,32,0,0,32
mapa_3,Baja densidad y dispersión abierta,BFS,72,22260998,18,18,1.00000000,24,0,0,24
mapa_3,Baja densidad y dispersión abierta,UCS,72,22260998,18,18,1.00000000,25,0,0,25
mapa_3,Baja densidad y dispersión abierta,A*,72,22260998,18,18,1.00000000,25,0,0,25
mapa_3,Baja densidad y dispersión abierta,IDA*,72,22260998,18,18,1.00000000,25,0,0,25
mapa_3,Baja densidad y dispersión abierta,GA,72,22260998,18,18,1.00000000,27,0,0,27
mapa_3,Baja densidad y dispersión abierta,BFS,73,22260999,18,18,1.00000000,28,0,0,28
mapa_3,Baja densidad y dispersión abierta,UCS,73,22260999,18,18,1.00000000,30,0,0,30
mapa_3,Baja densidad y dispersión abierta,A*,73,22260999,18,18,1.00000000,30,0,0,30
mapa_3,Baja densidad y dispersión abierta,IDA*,73,22260999,18,18,1.00000000,30,0,0,30
mapa_3,Baja densidad y dispersión abierta,GA,73,22260999,18,18,1.00000000,33,0,0,33
mapa_3,Baja densidad y dispersión abierta,BFS,74,22261000,18,18,1.00000000,26,0,0,26
mapa_3,Baja densidad y dispersión abierta,UCS,74,22261000,18,18,1.00000000,26,0,0,26
mapa_3,Baja densidad y dispersión abierta,A*,74,22261000,18,18,1.00000000,27,0,0,27
mapa_3,Baja densidad y dispersión abierta,IDA*,74,22261000,18,18,1.00000000,26,0,0,26
mapa_3,Baja densidad y dispersión abierta,GA,74,22261000,18,18,1.00000000,28,0,0,28
mapa_3,Baja densidad y dispersión abierta,BFS,75,22261001,18,18,1.00000000,28,0,0,28
mapa_3,Baja densidad y dispersión abierta,UCS,75,22261001,18,18,1.00000000,29,0,0,29
mapa_3,Baja densidad y dispersión abierta,A*,75,22261001,18,18,1.00000000,28,0,0,28
mapa_3,Baja densidad y dispersión abierta,IDA*,75,22261001,18,18,1.00000000,29,0,0,29
mapa_3,Baja densidad y dispersión abierta,GA,75,22261001,18,18,1.00000000,38,0,0,38
mapa_3,Baja densidad y dispersión abierta,BFS,76,22261002,18,18,1.00000000,28,0,0,28
mapa_3,Baja densidad y dispersión abierta,UCS,76,22261002,18,18,1.00000000,28,0,0,28
mapa_3,Baja densidad y dispersión abierta,A*,76,22261002,18,18,1.00000000,28,0,0,28
mapa_3,Baja densidad y dispersión abierta,IDA*,76,22261002,18,18,1.00000000,28,0,0,28
mapa_3,Baja densidad y dispersión abierta,GA,76,22261002,18,18,1.00000000,32,0,0,32
mapa_3,Baja densidad y dispersión abierta,BFS,77,22261003,18,18,1.00000000,25,0,0,25
mapa_3,Baja densidad y dispersión abierta,UCS,77,22261003,18,18,1.00000000,25,0,0,25
mapa_3,Baja densidad y dispersión abierta,A*,77,22261003,18,18,1.00000000,25,0,0,25
mapa_3,Baja densidad y dispersión abierta,IDA*,77,22261003,18,18,1.00000000,25,0,0,25
mapa_3,Baja densidad y dispersión abierta,GA,77,22261003,18,18,1.00000000,27,0,0,27
mapa_3,Baja densidad y dispersión abierta,BFS,78,22261004,18,18,1.00000000,26,0,0,26
mapa_3,Baja densidad y dispersión abierta,UCS,78,22261004,18,18,1.00000000,27,0,0,27
mapa_3,Baja densidad y dispersión abierta,A*,78,22261004,18,18,1.00000000,29,0,0,29
mapa_3,Baja densidad y dispersión abierta,IDA*,78,22261004,18,18,1.00000000,27,0,0,27
mapa_3,Baja densidad y dispersión abierta,GA,78,22261004,18,18,1.00000000,31,0,0,31
mapa_3,Baja densidad y dispersión abierta,BFS,79,22261005,18,18,1.00000000,24,0,0,24
mapa_3,Baja densidad y dispersión abierta,UCS,79,22261005,18,18,1.00000000,28,0,0,28
mapa_3,Baja densidad y dispersión abierta,A*,79,22261005,18,18,1.00000000,26,0,0,26
mapa_3,Baja densidad y dispersión abierta,IDA*,79,22261005,18,18,1.00000000,26,0,0,26
mapa_3,Baja densidad y dispersión abierta,GA,79,22261005,18,18,1.00000000,28,0,0,28
mapa_3,Baja densidad y dispersión abierta,BFS,80,22261006,18,18,1.00000000,26,0,0,26
mapa_3,Baja densidad y dispersión abierta,UCS,80,22261006,18,18,1.00000000,28,0,0,28
mapa_3,Baja densidad y dispersión abierta,A*,80,22261006,18,18,1.00000000,28,0,0,28
mapa_3,Baja densidad y dispersión abierta,IDA*,80,22261006,18,18,1.00000000,28,0,0,28
mapa_3,Baja densidad y dispersión abierta,GA,80,22261006,18,18,1.00000000,37,0,0,37
mapa_3,Baja densidad y dispersión abierta,BFS,81,22261007,18,18,1.00000000,27,0,0,27
mapa_3,Baja densidad y dispersión abierta,UCS,81,22261007,18,18,1.00000000,30,0,0,30
mapa_3,Baja densidad y dispersión abierta,A*,81,22261007,18,18,1.00000000,30,0,0,30
mapa_3,Baja densidad y dispersión abierta,IDA*,81,22261007,18,18,1.00000000,31,0,0,31
mapa_3,Baja densidad y dispersión abierta,GA,81,22261007,18,18,1.00000000,32,0,0,32
mapa_3,Baja densidad y dispersión abierta,BFS,82,22261008,18,18,1.00000000,27,0,0,27
mapa_3,Baja densidad y dispersión abierta,UCS,82,22261008,18,18,1.00000000,29,0,0,29
mapa_3,Baja densidad y dispersión abierta,A*,82,22261008,18,18,1.00000000,28,0,0,28
mapa_3,Baja densidad y dispersión abierta,IDA*,82,22261008,18,18,1.00000000,29,0,0,29
mapa_3,Baja densidad y dispersión abierta,GA,82,22261008,18,18,1.00000000,30,0,0,30
mapa_3,Baja densidad y dispersión abierta,BFS,83,22261009,18,18,1.00000000,28,0,0,28
mapa_3,Baja densidad y dispersión abierta,UCS,83,22261009,18,18,1.00000000,30,0,0,30
mapa_3,Baja densidad y dispersión abierta,A*,83,22261009,18,18,1.00000000,28,0,0,28
mapa_3,Baja densidad y dispersión abierta,IDA*,83,22261009,18,18,1.00000000,32,0,0,32
mapa_3,Baja densidad y dispersión abierta,GA,83,22261009,18,18,1.00000000,32,0,0,32
mapa_3,Baja densidad y dispersión abierta,BFS,84,22261010,18,18,1.00000000,24,0,0,24
mapa_3,Baja densidad y dispersión abierta,UCS,84,22261010,18,18,1.00000000,26,0,0,26
mapa_3,Baja densidad y dispersión abierta,A*,84,22261010,18,18,1.00000000,25,0,0,25
mapa_3,Baja densidad y dispersión abierta,IDA*,84,22261010,18,18,1.00000000,26,0,0,26
mapa_3,Baja densidad y dispersión abierta,GA,84,22261010,18,18,1.00000000,27,0,0,27
mapa_3,Baja densidad y dispersión abierta,BFS,85,22261011,18,18,1.00000000,24,0,0,24
mapa_3,Baja densidad y dispersión abierta,UCS,85,22261011,18,18,1.00000000,26,0,0,26
mapa_3,Baja densidad y dispersión abierta,A*,85,22261011,18,18,1.00000000,24,0,0,24
mapa_3,Baja densidad y dispersión abierta,IDA*,85,22261011,18,18,1.00000000,26,0,0,26
mapa_3,Baja densidad y dispersión abierta,GA,85,22261011,18,18,1.00000000,30,0,0,30
mapa_3,Baja densidad y dispersión abierta,BFS,86,22261012,18,18,1.00000000,24,0,0,24
mapa_3,Baja densidad y dispersión abierta,UCS,86,22261012,18,18,1.00000000,28,0,0,28
mapa_3,Baja densidad y dispersión abierta,A*,86,22261012,18,18,1.00000000,28,0,0,28
mapa_3,Baja densidad y dispersión abierta,IDA*,86,22261012,18,18,1.00000000,28,0,0,28
mapa_3,Baja densidad y dispersión abierta,GA,86,22261012,18,18,1.00000000,32,0,0,32
mapa_3,Baja densidad y dispersión abierta,BFS,87,22261013,18,18,1.00000000,25,0,0,25
mapa_3,Baja densidad y dispersión abierta,UCS,87,22261013,18,18,1.00000000,28,0,0,28
mapa_3,Baja densidad y dispersión abierta,A*,87,22261013,18,18,1.00000000,26,0,0,26
mapa_3,Baja densidad y dispersión abierta,IDA*,87,22261013,18,18,1.00000000,28,0,0,28
mapa_3,Baja densidad y dispersión abierta,GA,87,22261013,18,18,1.00000000,29,0,0,29
mapa_3,Baja densidad y dispersión abierta,BFS,88,22261014,18,18,1.00000000,23,0,0,23
mapa_3,Baja densidad y dispersión abierta,UCS,88,22261014,18,18,1.00000000,25,0,0,25
mapa_3,Baja densidad y dispersión abierta,A*,88,22261014,18,18,1.00000000,25,0,0,25
mapa_3,Baja densidad y dispersión abierta,IDA*,88,22261014,18,18,1.00000000,25,0,0,25
mapa_3,Baja densidad y dispersión abierta,GA,88,22261014,18,18,1.00000000,29,0,0,29
mapa_3,Baja densidad y dispersión abierta,BFS,89,22261015,18,18,1.00000000,26,0,0,26
mapa_3,Baja densidad y dispersión abierta,UCS,89,22261015,18,18,1.00000000,28,0,0,28
mapa_3,Baja densidad y dispersión abierta,A*,89,22261015,18,18,1.00000000,28,0,0,28
mapa_3,Baja densidad y dispersión abierta,IDA*,89,22261015,18,18,1.00000000,28,0,0,28
mapa_3,Baja densidad y dispersión abierta,GA,89,22261015,18,18,1.00000000,30,0,0,30
mapa_3,Baja densidad y dispersión abierta,BFS,90,22261016,18,18,1.00000000,27,0,0,27
mapa_3,Baja densidad y dispersión abierta,UCS,90,22261016,18,18,1.00000000,30,0,0,30
mapa_3,Baja densidad y dispersión abierta,A*,90,22261016,18,18,1.00000000,29,0,0,29
mapa_3,Baja densidad y dispersión abierta,IDA*,90,22261016,18,18,1.00000000,30,0,0,30
mapa_3,Baja densidad y dispersión abierta,GA,90,22261016,18,18,1.00000000,32,0,0,32
mapa_3,Baja densidad y dispersión abierta,BFS,91,22261017,18,18,1.00000000,26,0,0,26
mapa_3,Baja densidad y dispersión abierta,UCS,91,22261017,18,18,1.00000000,28,0,0,28
mapa_3,Baja densidad y dispersión abierta,A*,91,22261017,18,18,1.00000000,28,0,0,28
mapa_3,Baja densidad y dispersión abierta,IDA*,91,22261017,18,18,1.00000000,28,0,0,28
mapa_3,Baja densidad y dispersión abierta,GA,91,22261017,18,18,1.00000000,34,0,0,34
mapa_3,Baja densidad y dispersión abierta,BFS,92,22261018,18,18,1.00000000,25,0,0,25
mapa_3,Baja densidad y dispersión abierta,UCS,92,22261018,18,18,1.00000000,29,0,0,29
mapa_3,Baja densidad y dispersión abierta,A*,92,22261018,18,18,1.00000000,29,0,0,29
mapa_3,Baja densidad y dispersión abierta,IDA*,92,22261018,18,18,1.00000000,29,0,0,29
mapa_3,Baja densidad y dispersión abierta,GA,92,22261018,18,18,1.00000000,33,0,0,33
mapa_3,Baja densidad y dispersión abierta,BFS,93,22261019,18,18,1.00000000,26,0,0,26
mapa_3,Baja densidad y dispersión abierta,UCS,93,22261019,18,18,1.00000000,29,0,0,29
mapa_3,Baja densidad y dispersión abierta,A*,93,22261019,18,18,1.00000000,29,0,0,29
mapa_3,Baja densidad y dispersión abierta,IDA*,93,22261019,18,18,1.00000000,29,0,0,29
mapa_3,Baja densidad y dispersión abierta,GA,93,22261019,18,18,1.00000000,34,0,0,34
mapa_3,Baja densidad y dispersión abierta,BFS,94,22261020,18,18,1.00000000,28,0,0,28
mapa_3,Baja densidad y dispersión abierta,UCS,94,22261020,18,18,1.00000000,31,0,0,31
mapa_3,Baja densidad y dispersión abierta,A*,94,22261020,18,18,1.00000000,31,0,0,31
mapa_3,Baja densidad y dispersión abierta,IDA*,94,22261020,18,18,1.00000000,31,0,0,31
mapa_3,Baja densidad y dispersión abierta,GA,94,22261020,18,18,1.00000000,35,0,0,35
mapa_3,Baja densidad y dispersión abierta,BFS,95,22261021,18,18,1.00000000,26,0,0,26
mapa_3,Baja densidad y dispersión abierta,UCS,95,22261021,18,18,1.00000000,28,0,0,28
mapa_3,Baja densidad y dispersión abierta,A*,95,22261021,18,18,1.00000000,28,0,0,28
mapa_3,Baja densidad y dispersión abierta,IDA*,95,22261021,18,18,1.00000000,28,0,0,28
mapa_3,Baja densidad y dispersión abierta,GA,95,22261021,18,18,1.00000000,29,0,0,29
mapa_3,Baja densidad y dispersión abierta,BFS,96,22261022,18,18,1.00000000,23,0,0,23
mapa_3,Baja densidad y dispersión abierta,UCS,96,22261022,18,18,1.00000000,26,0,0,26
mapa_3,Baja densidad y dispersión abierta,A*,96,22261022,18,18,1.00000000,25,0,0,25
mapa_3,Baja densidad y dispersión abierta,IDA*,96,22261022,18,18,1.00000000,26,0,0,26
mapa_3,Baja densidad y dispersión abierta,GA,96,22261022,18,18,1.00000000,28,0,0,28
mapa_3,Baja densidad y dispersión abierta,BFS,97,22261023,18,18,1.00000000,27,0,0,27
mapa_3,Baja densidad y dispersión abierta,UCS,97,22261023,18,18,1.00000000,30,0,0,30
mapa_3,Baja densidad y dispersión abierta,A*,97,22261023,18,18,1.00000000,30,0,0,30
mapa_3,Baja densidad y dispersión abierta,IDA*,97,22261023,18,18,1.00000000,30,0,0,30
mapa_3,Baja densidad y dispersión abierta,GA,97,22261023,18,18,1.00000000,36,0,0,36
mapa_3,Baja densidad y dispersión abierta,BFS,98,22261024,18,18,1.00000000,27,0,0,27
mapa_3,Baja densidad y dispersión abierta,UCS,98,22261024,18,18,1.00000000,29,0,0,29
mapa_3,Baja densidad y dispersión abierta,A*,98,22261024,18,18,1.00000000,29,0,0,29
mapa_3,Baja densidad y dispersión abierta,IDA*,98,22261024,18,18,1.00000000,29,0,0,29
mapa_3,Baja densidad y dispersión abierta,GA,98,22261024,18,18,1.00000000,31,0,0,31
mapa_3,Baja densidad y dispersión abierta,BFS,99,22261025,18,18,1.00000000,25,0,0,25
mapa_3,Baja densidad y dispersión abierta,UCS,99,22261025,18,18,1.00000000,27,0,0,27
mapa_3,Baja densidad y dispersión abierta,A*,99,22261025,18,18,1.00000000,27,0,0,27
mapa_3,Baja densidad y dispersión abierta,IDA*,99,22261025,18,18,1.00000000,27,0,0,27
mapa_3,Baja densidad y dispersión abierta,GA,99,22261025,18,18,1.00000000,28,0,0,28
mapa_3,Baja densidad y dispersión abierta,BFS,100,22261026,18,18,1.00000000,29,0,0,29
mapa_3,Baja densidad y dispersión abierta,UCS,100,22261026,18,18,1.00000000,31,0,0,31
mapa_3,Baja densidad y dispersión abierta,A*,100,22261026,18,18,1.00000000,31,0,0,31
mapa_3,Baja densidad y dispersión abierta,IDA*,100,22261026,18,18,1.00000000,31,0,0,31
mapa_3,Baja densidad y dispersión abierta,GA,100,22261026,18,18,1.00000000,35,0,0,35
mapa_3,Baja densidad y dispersión abierta,BFS,101,22261027,18,18,1.00000000,25,0,0,25
mapa_3,Baja densidad y dispersión abierta,UCS,101,22261027,18,18,1.00000000,27,0,0,27
mapa_3,Baja densidad y dispersión abierta,A*,101,22261027,18,18,1.00000000,27,0,0,27
mapa_3,Baja densidad y dispersión abierta,IDA*,101,22261027,18,18,1.00000000,27,0,0,27
mapa_3,Baja densidad y dispersión abierta,GA,101,22261027,18,18,1.00000000,30,0,0,30
mapa_3,Baja densidad y dispersión abierta,BFS,102,22261028,18,18,1.00000000,27,0,0,27
mapa_3,Baja densidad y dispersión abierta,UCS,102,22261028,18,18,1.00000000,28,0,0,28
mapa_3,Baja densidad y dispersión abierta,A*,102,22261028,18,18,1.00000000,28,0,0,28
mapa_3,Baja densidad y dispersión abierta,IDA*,102,22261028,18,18,1.00000000,28,0,0,28
mapa_3,Baja densidad y dispersión abierta,GA,102,22261028,18,18,1.00000000,31,0,0,31
mapa_3,Baja densidad y dispersión abierta,BFS,103,22261029,18,18,1.00000000,25,0,0,25
mapa_3,Baja densidad y dispersión abierta,UCS,103,22261029,18,18,1.00000000,28,0,0,28
mapa_3,Baja densidad y dispersión abierta,A*,103,22261029,18,18,1.00000000,28,0,0,28
mapa_3,Baja densidad y dispersión abierta,IDA*,103,22261029,18,18,1.00000000,28,0,0,28
mapa_3,Baja densidad y dispersión abierta,GA,103,22261029,18,18,1.00000000,31,0,0,31
mapa_3,Baja densidad y dispersión abierta,BFS,104,22261030,18,18,1.00000000,24,0,0,24
mapa_3,Baja densidad y dispersión abierta,UCS,104,22261030,18,18,1.00000000,27,0,0,27
mapa_3,Baja densidad y dispersión abierta,A*,104,22261030,18,18,1.00000000,25,0,0,25
mapa_3,Baja densidad y dispersión abierta,IDA*,104,22261030,18,18,1.00000000,24,0,0,24
mapa_3,Baja densidad y dispersión abierta,GA,104,22261030,18,18,1.00000000,29,0,0,29
mapa_3,Baja densidad y dispersión abierta,BFS,105,22261031,18,18,1.00000000,26,0,0,26
mapa_3,Baja densidad y dispersión abierta,UCS,105,22261031,18,18,1.00000000,27,0,0,27
mapa_3,Baja densidad y dispersión abierta,A*,105,22261031,18,18,1.00000000,27,0,0,27
mapa_3,Baja densidad y dispersión abierta,IDA*,105,22261031,18,18,1.00000000,28,0,0,28
mapa_3,Baja densidad y dispersión abierta,GA,105,22261031,18,18,1.00000000,31,0,0,31
mapa_3,Baja densidad y dispersión abierta,BFS,106,22261032,18,18,1.00000000,26,0,0,26
mapa_3,Baja densidad y dispersión abierta,UCS,106,22261032,18,18,1.00000000,29,0,0,29
mapa_3,Baja densidad y dispersión abierta,A*,106,22261032,18,18,1.00000000,29,0,0,29
mapa_3,Baja densidad y dispersión abierta,IDA*,106,22261032,18,18,1.00000000,29,0,0,29
mapa_3,Baja densidad y dispersión abierta,GA,106,22261032,18,18,1.00000000,29,0,0,29
mapa_3,Baja densidad y dispersión abierta,BFS,107,22261033,18,18,1.00000000,24,0,0,24
mapa_3,Baja densidad y dispersión abierta,UCS,107,22261033,18,18,1.00000000,27,0,0,27
mapa_3,Baja densidad y dispersión abierta,A*,107,22261033,18,18,1.00000000,27,0,0,27
mapa_3,Baja densidad y dispersión abierta,IDA*,107,22261033,18,18,1.00000000,27,0,0,27
mapa_3,Baja densidad y dispersión abierta,GA,107,22261033,18,18,1.00000000,28,0,0,28
mapa_3,Baja densidad y dispersión abierta,BFS,108,22261034,18,18,1.00000000,28,0,0,28
mapa_3,Baja densidad y dispersión abierta,UCS,108,22261034,18,18,1.00000000,28,0,0,28
mapa_3,Baja densidad y dispersión abierta,A*,108,22261034,18,18,1.00000000,28,0,0,28
mapa_3,Baja densidad y dispersión abierta,IDA*,108,22261034,18,18,1.00000000,28,0,0,28
mapa_3,Baja densidad y dispersión abierta,GA,108,22261034,18,18,1.00000000,30,0,0,30
mapa_3,Baja densidad y dispersión abierta,BFS,109,22261035,18,18,1.00000000,27,0,0,27
mapa_3,Baja densidad y dispersión abierta,UCS,109,22261035,18,18,1.00000000,30,0,0,30
mapa_3,Baja densidad y dispersión abierta,A*,109,22261035,18,18,1.00000000,28,0,0,28
mapa_3,Baja densidad y dispersión abierta,IDA*,109,22261035,18,18,1.00000000,30,0,0,30
mapa_3,Baja densidad y dispersión abierta,GA,109,22261035,18,18,1.00000000,30,0,0,30
mapa_3,Baja densidad y dispersión abierta,BFS,110,22261036,18,18,1.00000000,25,0,0,25
mapa_3,Baja densidad y dispersión abierta,UCS,110,22261036,18,18,1.00000000,29,0,0,29
mapa_3,Baja densidad y dispersión abierta,A*,110,22261036,18,18,1.00000000,27,0,0,27
mapa_3,Baja densidad y dispersión abierta,IDA*,110,22261036,18,18,1.00000000,29,0,0,29
mapa_3,Baja densidad y dispersión abierta,GA,110,22261036,18,18,1.00000000,29,0,0,29
mapa_3,Baja densidad y dispersión abierta,BFS,111,22261037,18,18,1.00000000,27,0,0,27
mapa_3,Baja densidad y dispersión abierta,UCS,111,22261037,18,18,1.00000000,29,0,0,29
mapa_3,Baja densidad y dispersión abierta,A*,111,22261037,18,18,1.00000000,29,0,0,29
mapa_3,Baja densidad y dispersión abierta,IDA*,111,22261037,18,18,1.00000000,29,0,0,29
mapa_3,Baja densidad y dispersión abierta,GA,111,22261037,18,18,1.00000000,34,0,0,34
mapa_3,Baja densidad y dispersión abierta,BFS,112,22261038,18,18,1.00000000,26,0,0,26
mapa_3,Baja densidad y dispersión abierta,UCS,112,22261038,18,18,1.00000000,27,0,0,27
mapa_3,Baja densidad y dispersión abierta,A*,112,22261038,18,18,1.00000000,26,0,0,26
mapa_3,Baja densidad y dispersión abierta,IDA*,112,22261038,18,18,1.00000000,27,0,0,27
mapa_3,Baja densidad y dispersión abierta,GA,112,22261038,18,18,1.00000000,31,0,0,31
mapa_3,Baja densidad y dispersión abierta,BFS,113,22261039,18,18,1.00000000,24,0,0,24
mapa_3,Baja densidad y dispersión abierta,UCS,113,22261039,18,18,1.00000000,26,0,0,26
mapa_3,Baja densidad y dispersión abierta,A*,113,22261039,18,18,1.00000000,26,0,0,26
mapa_3,Baja densidad y dispersión abierta,IDA*,113,22261039,18,18,1.00000000,26,0,0,26
mapa_3,Baja densidad y dispersión abierta,GA,113,22261039,18,18,1.00000000,29,0,0,29
mapa_3,Baja densidad y dispersión abierta,BFS,114,22261040,18,18,1.00000000,25,0,0,25
mapa_3,Baja densidad y dispersión abierta,UCS,114,22261040,18,18,1.00000000,27,0,0,27
mapa_3,Baja densidad y dispersión abierta,A*,114,22261040,18,18,1.00000000,27,0,0,27
mapa_3,Baja densidad y dispersión abierta,IDA*,114,22261040,18,18,1.00000000,27,0,0,27
mapa_3,Baja densidad y dispersión abierta,GA,114,22261040,18,18,1.00000000,27,0,0,27
mapa_3,Baja densidad y dispersión abierta,BFS,115,22261041,18,18,1.00000000,23,0,0,23
mapa_3,Baja densidad y dispersión abierta,UCS,115,22261041,18,18,1.00000000,26,0,0,26
mapa_3,Baja densidad y dispersión abierta,A*,115,22261041,18,18,1.00000000,26,0,0,26
mapa_3,Baja densidad y dispersión abierta,IDA*,115,22261041,18,18,1.00000000,26,0,0,26
mapa_3,Baja densidad y dispersión abierta,GA,115,22261041,18,18,1.00000000,31,0,0,31
mapa_3,Baja densidad y dispersión abierta,BFS,116,22261042,18,18,1.00000000,28,0,0,28
mapa_3,Baja densidad y dispersión abierta,UCS,116,22261042,18,18,1.00000000,30,0,0,30
mapa_3,Baja densidad y dispersión abierta,A*,116,22261042,18,18,1.00000000,30,0,0,30
mapa_3,Baja densidad y dispersión abierta,IDA*,116,22261042,18,18,1.00000000,30,0,0,30
mapa_3,Baja densidad y dispersión abierta,GA,116,22261042,18,18,1.00000000,35,0,0,35
mapa_3,Baja densidad y dispersión abierta,BFS,117,22261043,18,18,1.00000000,26,0,0,26
mapa_3,Baja densidad y dispersión abierta,UCS,117,22261043,18,18,1.00000000,29,0,0,29
mapa_3,Baja densidad y dispersión abierta,A*,117,22261043,18,18,1.00000000,29,0,0,29
mapa_3,Baja densidad y dispersión abierta,IDA*,117,22261043,18,18,1.00000000,29,0,0,29
mapa_3,Baja densidad y dispersión abierta,GA,117,22261043,18,18,1.00000000,34,0,0,34
mapa_3,Baja densidad y dispersión abierta,BFS,118,22261044,18,18,1.00000000,27,0,0,27
mapa_3,Baja densidad y dispersión abierta,UCS,118,22261044,18,18,1.00000000,29,0,0,29
mapa_3,Baja densidad y dispersión abierta,A*,118,22261044,18,18,1.00000000,29,0,0,29
mapa_3,Baja densidad y dispersión abierta,IDA*,118,22261044,18,18,1.00000000,29,0,0,29
mapa_3,Baja densidad y dispersión abierta,GA,118,22261044,18,18,1.00000000,30,0,0,30
mapa_3,Baja densidad y dispersión abierta,BFS,119,22261045,18,18,1.00000000,28,0,0,28
mapa_3,Baja densidad y dispersión abierta,UCS,119,22261045,18,18,1.00000000,31,0,0,31
mapa_3,Baja densidad y dispersión abierta,A*,119,22261045,18,18,1.00000000,30,0,0,30
mapa_3,Baja densidad y dispersión abierta,IDA*,119,22261045,18,18,1.00000000,31,0,0,31
mapa_3,Baja densidad y dispersión abierta,GA,119,22261045,18,18,1.00000000,33,0,0,33
mapa_3,Baja densidad y dispersión abierta,BFS,120,22261046,18,18,1.00000000,24,0,0,24
mapa_3,Baja densidad y dispersión abierta,UCS,120,22261046,18,18,1.00000000,24,0,0,24
mapa_3,Baja densidad y dispersión abierta,A*,120,22261046,18,18,1.00000000,24,0,0,24
mapa_3,Baja densidad y dispersión abierta,IDA*,120,22261046,18,18,1.00000000,24,0,0,24
mapa_3,Baja densidad y dispersión abierta,GA,120,22261046,18,18,1.00000000,28,0,0,28
mapa_3,Baja densidad y dispersión abierta,BFS,121,22261047,18,18,1.00000000,24,0,0,24
mapa_3,Baja densidad y dispersión abierta,UCS,121,22261047,18,18,1.00000000,25,0,0,25
mapa_3,Baja densidad y dispersión abierta,A*,121,22261047,18,18,1.00000000,27,0,0,27
mapa_3,Baja densidad y dispersión abierta,IDA*,121,22261047,18,18,1.00000000,25,0,0,25
mapa_3,Baja densidad y dispersión abierta,GA,121,22261047,18,18,1.00000000,31,0,0,31
mapa_3,Baja densidad y dispersión abierta,BFS,122,22261048,18,18,1.00000000,24,0,0,24
mapa_3,Baja densidad y dispersión abierta,UCS,122,22261048,18,18,1.00000000,26,0,0,26
mapa_3,Baja densidad y dispersión abierta,A*,122,22261048,18,18,1.00000000,26,0,0,26
mapa_3,Baja densidad y dispersión abierta,IDA*,122,22261048,18,18,1.00000000,26,0,0,26
mapa_3,Baja densidad y dispersión abierta,GA,122,22261048,18,18,1.00000000,32,0,0,32
mapa_3,Baja densidad y dispersión abierta,BFS,123,22261049,18,18,1.00000000,25,0,0,25
mapa_3,Baja densidad y dispersión abierta,UCS,123,22261049,18,18,1.00000000,27,0,0,27
mapa_3,Baja densidad y dispersión abierta,A*,123,22261049,18,18,1.00000000,27,0,0,27
mapa_3,Baja densidad y dispersión abierta,IDA*,123,22261049,18,18,1.00000000,27,0,0,27
mapa_3,Baja densidad y dispersión abierta,GA,123,22261049,18,18,1.00000000,29,0,0,29
mapa_3,Baja densidad y dispersión abierta,BFS,124,22261050,18,18,1.00000000,25,0,0,25
mapa_3,Baja densidad y dispersión abierta,UCS,124,22261050,18,18,1.00000000,25,0,0,25
mapa_3,Baja densidad y dispersión abierta,A*,124,22261050,18,18,1.00000000,25,0,0,25
mapa_3,Baja densidad y dispersión abierta,IDA*,124,22261050,18,18,1.00000000,25,0,0,25
mapa_3,Baja densidad y dispersión abierta,GA,124,22261050,18,18,1.00000000,29,0,0,29
mapa_3,Baja densidad y dispersión abierta,BFS,125,22261051,18,18,1.00000000,26,0,0,26
mapa_3,Baja densidad y dispersión abierta,UCS,125,22261051,18,18,1.00000000,27,0,0,27
mapa_3,Baja densidad y dispersión abierta,A*,125,22261051,18,18,1.00000000,29,0,0,29
mapa_3,Baja densidad y dispersión abierta,IDA*,125,22261051,18,18,1.00000000,27,0,0,27
mapa_3,Baja densidad y dispersión abierta,GA,125,22261051,18,18,1.00000000,30,0,0,30
mapa_3,Baja densidad y dispersión abierta,BFS,126,22261052,18,18,1.00000000,25,0,0,25
mapa_3,Baja densidad y dispersión abierta,UCS,126,22261052,18,18,1.00000000,28,0,0,28
mapa_3,Baja densidad y dispersión abierta,A*,126,22261052,18,18,1.00000000,28,0,0,28
mapa_3,Baja densidad y dispersión abierta,IDA*,126,22261052,18,18,1.00000000,27,0,0,27
mapa_3,Baja densidad y dispersión abierta,GA,126,22261052,18,18,1.00000000,29,0,0,29
mapa_3,Baja densidad y dispersión abierta,BFS,127,22261053,18,18,1.00000000,27,0,0,27
mapa_3,Baja densidad y dispersión abierta,UCS,127,22261053,18,18,1.00000000,28,0,0,28
mapa_3,Baja densidad y dispersión abierta,A*,127,22261053,18,18,1.00000000,28,0,0,28
mapa_3,Baja densidad y dispersión abierta,IDA*,127,22261053,18,18,1.00000000,29,0,0,29
mapa_3,Baja densidad y dispersión abierta,GA,127,22261053,18,18,1.00000000,34,0,0,34
mapa_3,Baja densidad y dispersión abierta,BFS,128,22261054,18,18,1.00000000,28,0,0,28
mapa_3,Baja densidad y dispersión abierta,UCS,128,22261054,18,18,1.00000000,30,0,0,30
mapa_3,Baja densidad y dispersión abierta,A*,128,22261054,18,18,1.00000000,28,0,0,28
mapa_3,Baja densidad y dispersión abierta,IDA*,128,22261054,18,18,1.00000000,30,0,0,30
mapa_3,Baja densidad y dispersión abierta,GA,128,22261054,18,18,1.00000000,36,0,0,36
mapa_3,Baja densidad y dispersión abierta,BFS,129,22261055,18,18,1.00000000,27,0,0,27
mapa_3,Baja densidad y dispersión abierta,UCS,129,22261055,18,18,1.00000000,27,0,0,27
mapa_3,Baja densidad y dispersión abierta,A*,129,22261055,18,18,1.00000000,28,0,0,28
mapa_3,Baja densidad y dispersión abierta,IDA*,129,22261055,18,18,1.00000000,28,0,0,28
mapa_3,Baja densidad y dispersión abierta,GA,129,22261055,18,18,1.00000000,30,0,0,30
mapa_3,Baja densidad y dispersión abierta,BFS,130,22261056,18,18,1.00000000,25,0,0,25
mapa_3,Baja densidad y dispersión abierta,UCS,130,22261056,18,18,1.00000000,27,0,0,27
mapa_3,Baja densidad y dispersión abierta,A*,130,22261056,18,18,1.00000000,27,0,0,27
mapa_3,Baja densidad y dispersión abierta,IDA*,130,22261056,18,18,1.00000000,27,0,0,27
mapa_3,Baja densidad y dispersión abierta,GA,130,22261056,18,18,1.00000000,27,0,0,27
mapa_3,Baja densidad y dispersión abierta,BFS,131,22261057,18,18,1.00000000,27,0,0,27
mapa_3,Baja densidad y dispersión abierta,UCS,131,22261057,18,18,1.00000000,31,0,0,31
mapa_3,Baja densidad y dispersión abierta,A*,131,22261057,18,18,1.00000000,31,0,0,31
mapa_3,Baja densidad y dispersión abierta,IDA*,131,22261057,18,18,1.00000000,31,0,0,31
mapa_3,Baja densidad y dispersión abierta,GA,131,22261057,18,18,1.00000000,35,0,0,35
mapa_3,Baja densidad y dispersión abierta,BFS,132,22261058,18,18,1.00000000,24,0,0,24
mapa_3,Baja densidad y dispersión abierta,UCS,132,22261058,18,18,1.00000000,28,0,0,28
mapa_3,Baja densidad y dispersión abierta,A*,132,22261058,18,18,1.00000000,28,0,0,28
mapa_3,Baja densidad y dispersión abierta,IDA*,132,22261058,18,18,1.00000000,28,0,0,28
mapa_3,Baja densidad y dispersión abierta,GA,132,22261058,18,18,1.00000000,32,0,0,32
mapa_3,Baja densidad y dispersión abierta,BFS,133,22261059,18,18,1.00000000,24,0,0,24
mapa_3,Baja densidad y dispersión abierta,UCS,133,22261059,18,18,1.00000000,24,0,0,24
mapa_3,Baja densidad y dispersión abierta,A*,133,22261059,18,18,1.00000000,24,0,0,24
mapa_3,Baja densidad y dispersión abierta,IDA*,133,22261059,18,18,1.00000000,24,0,0,24
mapa_3,Baja densidad y dispersión abierta,GA,133,22261059,18,18,1.00000000,27,0,0,27
mapa_3,Baja densidad y dispersión abierta,BFS,134,22261060,18,18,1.00000000,25,0,0,25
mapa_3,Baja densidad y dispersión abierta,UCS,134,22261060,18,18,1.00000000,27,0,0,27
mapa_3,Baja densidad y dispersión abierta,A*,134,22261060,18,18,1.00000000,27,0,0,27
mapa_3,Baja densidad y dispersión abierta,IDA*,134,22261060,18,18,1.00000000,27,0,0,27
mapa_3,Baja densidad y dispersión abierta,GA,134,22261060,18,18,1.00000000,37,0,0,37
mapa_3,Baja densidad y dispersión abierta,BFS,135,22261061,18,18,1.00000000,25,0,0,25
mapa_3,Baja densidad y dispersión abierta,UCS,135,22261061,18,18,1.00000000,28,0,0,28
mapa_3,Baja densidad y dispersión abierta,A*,135,22261061,18,18,1.00000000,28,0,0,28
mapa_3,Baja densidad y dispersión abierta,IDA*,135,22261061,18,18,1.00000000,28,0,0,28
mapa_3,Baja densidad y dispersión abierta,GA,135,22261061,18,18,1.00000000,29,0,0,29
mapa_3,Baja densidad y dispersión abierta,BFS,136,22261062,18,18,1.00000000,26,0,0,26
mapa_3,Baja densidad y dispersión abierta,UCS,136,22261062,18,18,1.00000000,28,0,0,28
mapa_3,Baja densidad y dispersión abierta,A*,136,22261062,18,18,1.00000000,28,0,0,28
mapa_3,Baja densidad y dispersión abierta,IDA*,136,22261062,18,18,1.00000000,28,0,0,28
mapa_3,Baja densidad y dispersión abierta,GA,136,22261062,18,18,1.00000000,34,0,0,34
mapa_3,Baja densidad y dispersión abierta,BFS,137,22261063,18,18,1.00000000,27,0,0,27
mapa_3,Baja densidad y dispersión abierta,UCS,137,22261063,18,18,1.00000000,31,0,0,31
mapa_3,Baja densidad y dispersión abierta,A*,137,22261063,18,18,1.00000000,31,0,0,31
mapa_3,Baja densidad y dispersión abierta,IDA*,137,22261063,18,18,1.00000000,31,0,0,31
mapa_3,Baja densidad y dispersión abierta,GA,137,22261063,18,18,1.00000000,37,0,0,37
mapa_3,Baja densidad y dispersión abierta,BFS,138,22261064,18,18,1.00000000,24,0,0,24
mapa_3,Baja densidad y dispersión abierta,UCS,138,22261064,18,18,1.00000000,28,0,0,28
mapa_3,Baja densidad y dispersión abierta,A*,138,22261064,18,18,1.00000000,26,0,0,26
mapa_3,Baja densidad y dispersión abierta,IDA*,138,22261064,18,18,1.00000000,26,0,0,26
mapa_3,Baja densidad y dispersión abierta,GA,138,22261064,18,18,1.00000000,30,0,0,30
mapa_3,Baja densidad y dispersión abierta,BFS,139,22261065,18,18,1.00000000,23,0,0,23
mapa_3,Baja densidad y dispersión abierta,UCS,139,22261065,18,18,1.00000000,23,0,0,23
mapa_3,Baja densidad y dispersión abierta,A*,139,22261065,18,18,1.00000000,23,0,0,23
mapa_3,Baja densidad y dispersión abierta,IDA*,139,22261065,18,18,1.00000000,23,0,0,23
mapa_3,Baja densidad y dispersión abierta,GA,139,22261065,18,18,1.00000000,31,0,0,31
mapa_3,Baja densidad y dispersión abierta,BFS,140,22261066,18,18,1.00000000,24,0,0,24
mapa_3,Baja densidad y dispersión abierta,UCS,140,22261066,18,18,1.00000000,24,0,0,24
mapa_3,Baja densidad y dispersión abierta,A*,140,22261066,18,18,1.00000000,24,0,0,24
mapa_3,Baja densidad y dispersión abierta,IDA*,140,22261066,18,18,1.00000000,24,0,0,24
mapa_3,Baja densidad y dispersión abierta,GA,140,22261066,18,18,1.00000000,28,0,0,28
mapa_3,Baja densidad y dispersión abierta,BFS,141,22261067,18,18,1.00000000,28,0,0,28
mapa_3,Baja densidad y dispersión abierta,UCS,141,22261067,18,18,1.00000000,30,0,0,30
mapa_3,Baja densidad y dispersión abierta,A*,141,22261067,18,18,1.00000000,28,0,0,28
mapa_3,Baja densidad y dispersión abierta,IDA*,141,22261067,18,18,1.00000000,30,0,0,30
mapa_3,Baja densidad y dispersión abierta,GA,141,22261067,18,18,1.00000000,32,0,0,32
mapa_3,Baja densidad y dispersión abierta,BFS,142,22261068,18,18,1.00000000,26,0,0,26
mapa_3,Baja densidad y dispersión abierta,UCS,142,22261068,18,18,1.00000000,29,0,0,29
mapa_3,Baja densidad y dispersión abierta,A*,142,22261068,18,18,1.00000000,29,0,0,29
mapa_3,Baja densidad y dispersión abierta,IDA*,142,22261068,18,18,1.00000000,29,0,0,29
mapa_3,Baja densidad y dispersión abierta,GA,142,22261068,18,18,1.00000000,32,0,0,32
mapa_3,Baja densidad y dispersión abierta,BFS,143,22261069,18,18,1.00000000,29,0,0,29
mapa_3,Baja densidad y dispersión abierta,UCS,143,22261069,18,18,1.00000000,30,0,0,30
mapa_3,Baja densidad y dispersión abierta,A*,143,22261069,18,18,1.00000000,30,0,0,30
mapa_3,Baja densidad y dispersión abierta,IDA*,143,22261069,18,18,1.00000000,30,0,0,30
mapa_3,Baja densidad y dispersión abierta,GA,143,22261069,18,18,1.00000000,36,0,0,36
mapa_3,Baja densidad y dispersión abierta,BFS,144,22261070,18,18,1.00000000,27,0,0,27
mapa_3,Baja densidad y dispersión abierta,UCS,144,22261070,18,18,1.00000000,27,0,0,27
mapa_3,Baja densidad y dispersión abierta,A*,144,22261070,18,18,1.00000000,29,0,0,29
mapa_3,Baja densidad y dispersión abierta,IDA*,144,22261070,18,18,1.00000000,27,0,0,27
mapa_3,Baja densidad y dispersión abierta,GA,144,22261070,18,18,1.00000000,31,0,0,31
mapa_3,Baja densidad y dispersión abierta,BFS,145,22261071,18,18,1.00000000,26,0,0,26
mapa_3,Baja densidad y dispersión abierta,UCS,145,22261071,18,18,1.00000000,29,0,0,29
mapa_3,Baja densidad y dispersión abierta,A*,145,22261071,18,18,1.00000000,29,0,0,29
mapa_3,Baja densidad y dispersión abierta,IDA*,145,22261071,18,18,1.00000000,29,0,0,29
mapa_3,Baja densidad y dispersión abierta,GA,145,22261071,18,18,1.00000000,33,0,0,33
mapa_3,Baja densidad y dispersión abierta,BFS,146,22261072,18,18,1.00000000,27,0,0,27
mapa_3,Baja densidad y dispersión abierta,UCS,146,22261072,18,18,1.00000000,30,0,0,30
mapa_3,Baja densidad y dispersión abierta,A*,146,22261072,18,18,1.00000000,30,0,0,30
mapa_3,Baja densidad y dispersión abierta,IDA*,146,22261072,18,18,1.00000000,30,0,0,30
mapa_3,Baja densidad y dispersión abierta,GA,146,22261072,18,18,1.00000000,37,0,0,37
mapa_3,Baja densidad y dispersión abierta,BFS,147,22261073,18,18,1.00000000,26,0,0,26
mapa_3,Baja densidad y dispersión abierta,UCS,147,22261073,18,18,1.00000000,29,0,0,29
mapa_3,Baja densidad y dispersión abierta,A*,147,22261073,18,18,1.00000000,29,0,0,29
mapa_3,Baja densidad y dispersión abierta,IDA*,147,22261073,18,18,1.00000000,29,0,0,29
mapa_3,Baja densidad y dispersión abierta,GA,147,22261073,18,18,1.00000000,31,0,0,31
mapa_3,Baja densidad y dispersión abierta,BFS,148,22261074,18,18,1.00000000,28,0,0,28
mapa_3,Baja densidad y dispersión abierta,UCS,148,22261074,18,18,1.00000000,30,0,0,30
mapa_3,Baja densidad y dispersión abierta,A*,148,22261074,18,18,1.00000000,30,0,0,30
mapa_3,Baja densidad y dispersión abierta,IDA*,148,22261074,18,18,1.00000000,30,0,0,30
mapa_3,Baja densidad y dispersión abierta,GA,148,22261074,18,18,1.00000000,32,0,0,32
mapa_3,Baja densidad y dispersión abierta,BFS,149,22261075,18,18,1.00000000,27,0,0,27
mapa_3,Baja densidad y dispersión abierta,UCS,149,22261075,18,18,1.00000000,30,0,0,30
mapa_3,Baja densidad y dispersión abierta,A*,149,22261075,18,18,1.00000000,30,0,0,30
mapa_3,Baja densidad y dispersión abierta,IDA*,149,22261075,18,18,1.00000000,30,0,0,30
mapa_3,Baja densidad y dispersión abierta,GA,149,22261075,18,18,1.00000000,31,0,0,31
mapa_3,Baja densidad y dispersión abierta,BFS,150,22261076,18,18,1.00000000,27,0,0,27
mapa_3,Baja densidad y dispersión abierta,UCS,150,22261076,18,18,1.00000000,27,0,0,27
mapa_3,Baja densidad y dispersión abierta,A*,150,22261076,18,18,1.00000000,27,0,0,27
mapa_3,Baja densidad y dispersión abierta,IDA*,150,22261076,18,18,1.00000000,27,0,0,27
mapa_3,Baja densidad y dispersión abierta,GA,150,22261076,18,18,1.00000000,29,0,0,29
mapa_3,Baja densidad y dispersión abierta,BFS,151,22261077,18,18,1.00000000,25,0,0,25
mapa_3,Baja densidad y dispersión abierta,UCS,151,22261077,18,18,1.00000000,27,0,0,27
mapa_3,Baja densidad y dispersión abierta,A*,151,22261077,18,18,1.00000000,27,0,0,27
mapa_3,Baja densidad y dispersión abierta,IDA*,151,22261077,18,18,1.00000000,27,0,0,27
mapa_3,Baja densidad y dispersión abierta,GA,151,22261077,18,18,1.00000000,33,0,0,33
mapa_3,Baja densidad y dispersión abierta,BFS,152,22261078,18,18,1.00000000,27,0,0,27
mapa_3,Baja densidad y dispersión abierta,UCS,152,22261078,18,18,1.00000000,28,0,0,28
mapa_3,Baja densidad y dispersión abierta,A*,152,22261078,18,18,1.00000000,28,0,0,28
mapa_3,Baja densidad y dispersión abierta,IDA*,152,22261078,18,18,1.00000000,28,0,0,28
mapa_3,Baja densidad y dispersión abierta,GA,152,22261078,18,18,1.00000000,36,0,0,36
mapa_3,Baja densidad y dispersión abierta,BFS,153,22261079,18,18,1.00000000,28,0,0,28
mapa_3,Baja densidad y dispersión abierta,UCS,153,22261079,18,18,1.00000000,29,0,0,29
mapa_3,Baja densidad y dispersión abierta,A*,153,22261079,18,18,1.00000000,29,0,0,29
mapa_3,Baja densidad y dispersión abierta,IDA*,153,22261079,18,18,1.00000000,29,0,0,29
mapa_3,Baja densidad y dispersión abierta,GA,153,22261079,18,18,1.00000000,36,0,0,36
mapa_3,Baja densidad y dispersión abierta,BFS,154,22261080,18,18,1.00000000,25,0,0,25
mapa_3,Baja densidad y dispersión abierta,UCS,154,22261080,18,18,1.00000000,26,0,0,26
mapa_3,Baja densidad y dispersión abierta,A*,154,22261080,18,18,1.00000000,25,0,0,25
mapa_3,Baja densidad y dispersión abierta,IDA*,154,22261080,18,18,1.00000000,26,0,0,26
mapa_3,Baja densidad y dispersión abierta,GA,154,22261080,18,18,1.00000000,27,0,0,27
mapa_3,Baja densidad y dispersión abierta,BFS,155,22261081,18,18,1.00000000,25,0,0,25
mapa_3,Baja densidad y dispersión abierta,UCS,155,22261081,18,18,1.00000000,26,0,0,26
mapa_3,Baja densidad y dispersión abierta,A*,155,22261081,18,18,1.00000000,26,0,0,26
mapa_3,Baja densidad y dispersión abierta,IDA*,155,22261081,18,18,1.00000000,26,0,0,26
mapa_3,Baja densidad y dispersión abierta,GA,155,22261081,18,18,1.00000000,32,0,0,32
mapa_3,Baja densidad y dispersión abierta,BFS,156,22261082,18,18,1.00000000,25,0,0,25
mapa_3,Baja densidad y dispersión abierta,UCS,156,22261082,18,18,1.00000000,28,0,0,28
mapa_3,Baja densidad y dispersión abierta,A*,156,22261082,18,18,1.00000000,28,0,0,28
mapa_3,Baja densidad y dispersión abierta,IDA*,156,22261082,18,18,1.00000000,28,0,0,28
mapa_3,Baja densidad y dispersión abierta,GA,156,22261082,18,18,1.00000000,29,0,0,29
mapa_3,Baja densidad y dispersión abierta,BFS,157,22261083,18,18,1.00000000,23,0,0,23
mapa_3,Baja densidad y dispersión abierta,UCS,157,22261083,18,18,1.00000000,25,0,0,25
mapa_3,Baja densidad y dispersión abierta,A*,157,22261083,18,18,1.00000000,23,0,0,23
mapa_3,Baja densidad y dispersión abierta,IDA*,157,22261083,18,18,1.00000000,25,0,0,25
mapa_3,Baja densidad y dispersión abierta,GA,157,22261083,18,18,1.00000000,27,0,0,27
mapa_3,Baja densidad y dispersión abierta,BFS,158,22261084,18,18,1.00000000,27,0,0,27
mapa_3,Baja densidad y dispersión abierta,UCS,158,22261084,18,18,1.00000000,29,0,0,29
mapa_3,Baja densidad y dispersión abierta,A*,158,22261084,18,18,1.00000000,30,0,0,30
mapa_3,Baja densidad y dispersión abierta,IDA*,158,22261084,18,18,1.00000000,29,0,0,29
mapa_3,Baja densidad y dispersión abierta,GA,158,22261084,18,18,1.00000000,32,0,0,32
mapa_3,Baja densidad y dispersión abierta,BFS,159,22261085,18,18,1.00000000,26,0,0,26
mapa_3,Baja densidad y dispersión abierta,UCS,159,22261085,18,18,1.00000000,28,0,0,28
mapa_3,Baja densidad y dispersión abierta,A*,159,22261085,18,18,1.00000000,28,0,0,28
mapa_3,Baja densidad y dispersión abierta,IDA*,159,22261085,18,18,1.00000000,28,0,0,28
mapa_3,Baja densidad y dispersión abierta,GA,159,22261085,18,18,1.00000000,31,0,0,31
mapa_3,Baja densidad y dispersión abierta,BFS,160,22261086,18,18,1.00000000,24,0,0,24
mapa_3,Baja densidad y dispersión abierta,UCS,160,22261086,18,18,1.00000000,25,0,0,25
mapa_3,Baja densidad y dispersión abierta,A*,160,22261086,18,18,1.00000000,27,0,0,27
mapa_3,Baja densidad y dispersión abierta,IDA*,160,22261086,18,18,1.00000000,27,0,0,27
mapa_3,Baja densidad y dispersión abierta,GA,160,22261086,18,18,1.00000000,29,0,0,29
mapa_3,Baja densidad y dispersión abierta,BFS,161,22261087,18,18,1.00000000,27,0,0,27
mapa_3,Baja densidad y dispersión abierta,UCS,161,22261087,18,18,1.00000000,30,0,0,30
mapa_3,Baja densidad y dispersión abierta,A*,161,22261087,18,18,1.00000000,28,0,0,28
mapa_3,Baja densidad y dispersión abierta,IDA*,161,22261087,18,18,1.00000000,30,0,0,30
mapa_3,Baja densidad y dispersión abierta,GA,161,22261087,18,18,1.00000000,33,0,0,33
mapa_3,Baja densidad y dispersión abierta,BFS,162,22261088,18,18,1.00000000,28,0,0,28
mapa_3,Baja densidad y dispersión abierta,UCS,162,22261088,18,18,1.00000000,31,0,0,31
mapa_3,Baja densidad y dispersión abierta,A*,162,22261088,18,18,1.00000000,30,0,0,30
mapa_3,Baja densidad y dispersión abierta,IDA*,162,22261088,18,18,1.00000000,31,0,0,31
mapa_3,Baja densidad y dispersión abierta,GA,162,22261088,18,18,1.00000000,38,0,0,38
mapa_3,Baja densidad y dispersión abierta,BFS,163,22261089,18,18,1.00000000,27,0,0,27
mapa_3,Baja densidad y dispersión abierta,UCS,163,22261089,18,18,1.00000000,31,0,0,31
mapa_3,Baja densidad y dispersión abierta,A*,163,22261089,18,18,1.00000000,29,0,0,29
mapa_3,Baja densidad y dispersión abierta,IDA*,163,22261089,18,18,1.00000000,31,0,0,31
mapa_3,Baja densidad y dispersión abierta,GA,163,22261089,18,18,1.00000000,32,0,0,32
mapa_3,Baja densidad y dispersión abierta,BFS,164,22261090,18,18,1.00000000,28,0,0,28
mapa_3,Baja densidad y dispersión abierta,UCS,164,22261090,18,18,1.00000000,29,0,0,29
mapa_3,Baja densidad y dispersión abierta,A*,164,22261090,18,18,1.00000000,28,0,0,28
mapa_3,Baja densidad y dispersión abierta,IDA*,164,22261090,18,18,1.00000000,29,0,0,29
mapa_3,Baja densidad y dispersión abierta,GA,164,22261090,18,18,1.00000000,34,0,0,34
mapa_3,Baja densidad y dispersión abierta,BFS,165,22261091,18,18,1.00000000,26,0,0,26
mapa_3,Baja densidad y dispersión abierta,UCS,165,22261091,18,18,1.00000000,28,0,0,28
mapa_3,Baja densidad y dispersión abierta,A*,165,22261091,18,18,1.00000000,29,0,0,29
mapa_3,Baja densidad y dispersión abierta,IDA*,165,22261091,18,18,1.00000000,28,0,0,28
mapa_3,Baja densidad y dispersión abierta,GA,165,22261091,18,18,1.00000000,30,0,0,30
mapa_3,Baja densidad y dispersión abierta,BFS,166,22261092,18,18,1.00000000,27,0,0,27
mapa_3,Baja densidad y dispersión abierta,UCS,166,22261092,18,18,1.00000000,27,0,0,27
mapa_3,Baja densidad y dispersión abierta,A*,166,22261092,18,18,1.00000000,27,0,0,27
mapa_3,Baja densidad y dispersión abierta,IDA*,166,22261092,18,18,1.00000000,27,0,0,27
mapa_3,Baja densidad y dispersión abierta,GA,166,22261092,18,18,1.00000000,31,0,0,31
mapa_3,Baja densidad y dispersión abierta,BFS,167,22261093,18,18,1.00000000,24,0,0,24
mapa_3,Baja densidad y dispersión abierta,UCS,167,22261093,18,18,1.00000000,24,0,0,24
mapa_3,Baja densidad y dispersión abierta,A*,167,22261093,18,18,1.00000000,24,0,0,24
mapa_3,Baja densidad y dispersión abierta,IDA*,167,22261093,18,18,1.00000000,24,0,0,24
mapa_3,Baja densidad y dispersión abierta,GA,167,22261093,18,18,1.00000000,29,0,0,29
mapa_3,Baja densidad y dispersión abierta,BFS,168,22261094,18,18,1.00000000,25,0,0,25
mapa_3,Baja densidad y dispersión abierta,UCS,168,22261094,18,18,1.00000000,29,0,0,29
mapa_3,Baja densidad y dispersión abierta,A*,168,22261094,18,18,1.00000000,27,0,0,27
mapa_3,Baja densidad y dispersión abierta,IDA*,168,22261094,18,18,1.00000000,27,0,0,27
mapa_3,Baja densidad y dispersión abierta,GA,168,22261094,18,18,1.00000000,29,0,0,29
mapa_3,Baja densidad y dispersión abierta,BFS,169,22261095,18,18,1.00000000,28,0,0,28
mapa_3,Baja densidad y dispersión abierta,UCS,169,22261095,18,18,1.00000000,29,0,0,29
mapa_3,Baja densidad y dispersión abierta,A*,169,22261095,18,18,1.00000000,29,0,0,29
mapa_3,Baja densidad y dispersión abierta,IDA*,169,22261095,18,18,1.00000000,29,0,0,29
mapa_3,Baja densidad y dispersión abierta,GA,169,22261095,18,18,1.00000000,31,0,0,31
mapa_3,Baja densidad y dispersión abierta,BFS,170,22261096,18,18,1.00000000,26,0,0,26
mapa_3,Baja densidad y dispersión abierta,UCS,170,22261096,18,18,1.00000000,27,0,0,27
mapa_3,Baja densidad y dispersión abierta,A*,170,22261096,18,18,1.00000000,26,0,0,26
mapa_3,Baja densidad y dispersión abierta,IDA*,170,22261096,18,18,1.00000000,26,0,0,26
mapa_3,Baja densidad y dispersión abierta,GA,170,22261096,18,18,1.00000000,28,0,0,28
mapa_3,Baja densidad y dispersión abierta,BFS,171,22261097,18,18,1.00000000,28,0,0,28
mapa_3,Baja densidad y dispersión abierta,UCS,171,22261097,18,18,1.00000000,28,0,0,28
mapa_3,Baja densidad y dispersión abierta,A*,171,22261097,18,18,1.00000000,28,0,0,28
mapa_3,Baja densidad y dispersión abierta,IDA*,171,22261097,18,18,1.00000000,28,0,0,28
mapa_3,Baja densidad y dispersión abierta,GA,171,22261097,18,18,1.00000000,32,0,0,32
mapa_3,Baja densidad y dispersión abierta,BFS,172,22261098,18,18,1.00000000,25,0,0,25
mapa_3,Baja densidad y dispersión abierta,UCS,172,22261098,18,18,1.00000000,29,0,0,29
mapa_3,Baja densidad y dispersión abierta,A*,172,22261098,18,18,1.00000000,28,0,0,28
mapa_3,Baja densidad y dispersión abierta,IDA*,172,22261098,18,18,1.00000000,29,0,0,29
mapa_3,Baja densidad y dispersión abierta,GA,172,22261098,18,18,1.00000000,30,0,0,30
mapa_3,Baja densidad y dispersión abierta,BFS,173,22261099,18,18,1.00000000,28,0,0,28
mapa_3,Baja densidad y dispersión abierta,UCS,173,22261099,18,18,1.00000000,28,0,0,28
mapa_3,Baja densidad y dispersión abierta,A*,173,22261099,18,18,1.00000000,28,0,0,28
mapa_3,Baja densidad y dispersión abierta,IDA*,173,22261099,18,18,1.00000000,28,0,0,28
mapa_3,Baja densidad y dispersión abierta,GA,173,22261099,18,18,1.00000000,31,0,0,31
mapa_3,Baja densidad y dispersión abierta,BFS,174,22261100,18,18,1.00000000,25,0,0,25
mapa_3,Baja densidad y dispersión abierta,UCS,174,22261100,18,18,1.00000000,28,0,0,28
mapa_3,Baja densidad y dispersión abierta,A*,174,22261100,18,18,1.00000000,28,0,0,28
mapa_3,Baja densidad y dispersión abierta,IDA*,174,22261100,18,18,1.00000000,28,0,0,28
mapa_3,Baja densidad y dispersión abierta,GA,174,22261100,18,18,1.00000000,34,0,0,34
mapa_3,Baja densidad y dispersión abierta,BFS,175,22261101,18,18,1.00000000,24,0,0,24
mapa_3,Baja densidad y dispersión abierta,UCS,175,22261101,18,18,1.00000000,24,0,0,24
mapa_3,Baja densidad y dispersión abierta,A*,175,22261101,18,18,1.00000000,24,0,0,24
mapa_3,Baja densidad y dispersión abierta,IDA*,175,22261101,18,18,1.00000000,24,0,0,24
mapa_3,Baja densidad y dispersión abierta,GA,175,22261101,18,18,1.00000000,28,0,0,28
mapa_3,Baja densidad y dispersión abierta,BFS,176,22261102,18,18,1.00000000,27,0,0,27
mapa_3,Baja densidad y dispersión abierta,UCS,176,22261102,18,18,1.00000000,29,0,0,29
mapa_3,Baja densidad y dispersión abierta,A*,176,22261102,18,18,1.00000000,29,0,0,29
mapa_3,Baja densidad y dispersión abierta,IDA*,176,22261102,18,18,1.00000000,29,0,0,29
mapa_3,Baja densidad y dispersión abierta,GA,176,22261102,18,18,1.00000000,33,0,0,33
mapa_3,Baja densidad y dispersión abierta,BFS,177,22261103,18,18,1.00000000,26,0,0,26
mapa_3,Baja densidad y dispersión abierta,UCS,177,22261103,18,18,1.00000000,27,0,0,27
mapa_3,Baja densidad y dispersión abierta,A*,177,22261103,18,18,1.00000000,27,0,0,27
mapa_3,Baja densidad y dispersión abierta,IDA*,177,22261103,18,18,1.00000000,27,0,0,27
mapa_3,Baja densidad y dispersión abierta,GA,177,22261103,18,18,1.00000000,27,0,0,27
mapa_3,Baja densidad y dispersión abierta,BFS,178,22261104,18,18,1.00000000,26,0,0,26
mapa_3,Baja densidad y dispersión abierta,UCS,178,22261104,18,18,1.00000000,26,0,0,26
mapa_3,Baja densidad y dispersión abierta,A*,178,22261104,18,18,1.00000000,26,0,0,26
mapa_3,Baja densidad y dispersión abierta,IDA*,178,22261104,18,18,1.00000000,26,0,0,26
mapa_3,Baja densidad y dispersión abierta,GA,178,22261104,18,18,1.00000000,32,0,0,32
mapa_3,Baja densidad y dispersión abierta,BFS,179,22261105,18,18,1.00000000,30,0,0,30
mapa_3,Baja densidad y dispersión abierta,UCS,179,22261105,18,18,1.00000000,30,0,0,30
mapa_3,Baja densidad y dispersión abierta,A*,179,22261105,18,18,1.00000000,30,0,0,30
mapa_3,Baja densidad y dispersión abierta,IDA*,179,22261105,18,18,1.00000000,30,0,0,30
mapa_3,Baja densidad y dispersión abierta,GA,179,22261105,18,18,1.00000000,33,0,0,33
mapa_3,Baja densidad y dispersión abierta,BFS,180,22261106,18,18,1.00000000,24,0,0,24
mapa_3,Baja densidad y dispersión abierta,UCS,180,22261106,18,18,1.00000000,26,0,0,26
mapa_3,Baja densidad y dispersión abierta,A*,180,22261106,18,18,1.00000000,24,0,0,24
mapa_3,Baja densidad y dispersión abierta,IDA*,180,22261106,18,18,1.00000000,26,0,0,26
mapa_3,Baja densidad y dispersión abierta,GA,180,22261106,18,18,1.00000000,34,0,0,34
mapa_3,Baja densidad y dispersión abierta,BFS,181,22261107,18,18,1.00000000,27,0,0,27
mapa_3,Baja densidad y dispersión abierta,UCS,181,22261107,18,18,1.00000000,29,0,0,29
mapa_3,Baja densidad y dispersión abierta,A*,181,22261107,18,18,1.00000000,28,0,0,28
mapa_3,Baja densidad y dispersión abierta,IDA*,181,22261107,18,18,1.00000000,29,0,0,29
mapa_3,Baja densidad y dispersión abierta,GA,181,22261107,18,18,1.00000000,29,0,0,29
mapa_3,Baja densidad y dispersión abierta,BFS,182,22261108,18,18,1.00000000,23,0,0,23
mapa_3,Baja densidad y dispersión abierta,UCS,182,22261108,18,18,1.00000000,24,0,0,24
mapa_3,Baja densidad y dispersión abierta,A*,182,22261108,18,18,1.00000000,24,0,0,24
mapa_3,Baja densidad y dispersión abierta,IDA*,182,22261108,18,18,1.00000000,24,0,0,24
mapa_3,Baja densidad y dispersión abierta,GA,182,22261108,18,18,1.00000000,28,0,0,28
mapa_3,Baja densidad y dispersión abierta,BFS,183,22261109,18,18,1.00000000,27,0,0,27
mapa_3,Baja densidad y dispersión abierta,UCS,183,22261109,18,18,1.00000000,29,0,0,29
mapa_3,Baja densidad y dispersión abierta,A*,183,22261109,18,18,1.00000000,29,0,0,29
mapa_3,Baja densidad y dispersión abierta,IDA*,183,22261109,18,18,1.00000000,29,0,0,29
mapa_3,Baja densidad y dispersión abierta,GA,183,22261109,18,18,1.00000000,32,0,0,32
mapa_3,Baja densidad y dispersión abierta,BFS,184,22261110,18,18,1.00000000,27,0,0,27
mapa_3,Baja densidad y dispersión abierta,UCS,184,22261110,18,18,1.00000000,27,0,0,27
mapa_3,Baja densidad y dispersión abierta,A*,184,22261110,18,18,1.00000000,27,0,0,27
mapa_3,Baja densidad y dispersión abierta,IDA*,184,22261110,18,18,1.00000000,27,0,0,27
mapa_3,Baja densidad y dispersión abierta,GA,184,22261110,18,18,1.00000000,34,0,0,34
mapa_3,Baja densidad y dispersión abierta,BFS,185,22261111,18,18,1.00000000,25,0,0,25
mapa_3,Baja densidad y dispersión abierta,UCS,185,22261111,18,18,1.00000000,25,0,0,25
mapa_3,Baja densidad y dispersión abierta,A*,185,22261111,18,18,1.00000000,25,0,0,25
mapa_3,Baja densidad y dispersión abierta,IDA*,185,22261111,18,18,1.00000000,25,0,0,25
mapa_3,Baja densidad y dispersión abierta,GA,185,22261111,18,18,1.00000000,33,0,0,33
mapa_3,Baja densidad y dispersión abierta,BFS,186,22261112,18,18,1.00000000,26,0,0,26
mapa_3,Baja densidad y dispersión abierta,UCS,186,22261112,18,18,1.00000000,28,0,0,28
mapa_3,Baja densidad y dispersión abierta,A*,186,22261112,18,18,1.00000000,26,0,0,26
mapa_3,Baja densidad y dispersión abierta,IDA*,186,22261112,18,18,1.00000000,28,0,0,28
mapa_3,Baja densidad y dispersión abierta,GA,186,22261112,18,18,1.00000000,28,0,0,28
mapa_3,Baja densidad y dispersión abierta,BFS,187,22261113,18,18,1.00000000,28,0,0,28
mapa_3,Baja densidad y dispersión abierta,UCS,187,22261113,18,18,1.00000000,29,0,0,29
mapa_3,Baja densidad y dispersión abierta,A*,187,22261113,18,18,1.00000000,29,0,0,29
mapa_3,Baja densidad y dispersión abierta,IDA*,187,22261113,18,18,1.00000000,29,0,0,29
mapa_3,Baja densidad y dispersión abierta,GA,187,22261113,18,18,1.00000000,33,0,0,33
mapa_3,Baja densidad y dispersión abierta,BFS,188,22261114,18,18,1.00000000,24,0,0,24
mapa_3,Baja densidad y dispersión abierta,UCS,188,22261114,18,18,1.00000000,26,0,0,26
mapa_3,Baja densidad y dispersión abierta,A*,188,22261114,18,18,1.00000000,24,0,0,24
mapa_3,Baja densidad y dispersión abierta,IDA*,188,22261114,18,18,1.00000000,26,0,0,26
mapa_3,Baja densidad y dispersión abierta,GA,188,22261114,18,18,1.00000000,26,0,0,26
mapa_3,Baja densidad y dispersión abierta,BFS,189,22261115,18,18,1.00000000,27,0,0,27
mapa_3,Baja densidad y dispersión abierta,UCS,189,22261115,18,18,1.00000000,29,0,0,29
mapa_3,Baja densidad y dispersión abierta,A*,189,22261115,18,18,1.00000000,30,0,0,30
mapa_3,Baja densidad y dispersión abierta,IDA*,189,22261115,18,18,1.00000000,30,0,0,30
mapa_3,Baja densidad y dispersión abierta,GA,189,22261115,18,18,1.00000000,32,0,0,32
mapa_3,Baja densidad y dispersión abierta,BFS,190,22261116,18,18,1.00000000,31,0,0,31
mapa_3,Baja densidad y dispersión abierta,UCS,190,22261116,18,18,1.00000000,33,0,0,33
mapa_3,Baja densidad y dispersión abierta,A*,190,22261116,18,18,1.00000000,33,0,0,33
mapa_3,Baja densidad y dispersión abierta,IDA*,190,22261116,18,18,1.00000000,33,0,0,33
mapa_3,Baja densidad y dispersión abierta,GA,190,22261116,18,18,1.00000000,36,0,0,36
mapa_3,Baja densidad y dispersión abierta,BFS,191,22261117,18,18,1.00000000,25,0,0,25
mapa_3,Baja densidad y dispersión abierta,UCS,191,22261117,18,18,1.00000000,29,0,0,29
mapa_3,Baja densidad y dispersión abierta,A*,191,22261117,18,18,1.00000000,27,0,0,27
mapa_3,Baja densidad y dispersión abierta,IDA*,191,22261117,18,18,1.00000000,29,0,0,29
mapa_3,Baja densidad y dispersión abierta,GA,191,22261117,18,18,1.00000000,34,0,0,34
mapa_3,Baja densidad y dispersión abierta,BFS,192,22261118,18,18,1.00000000,27,0,0,27
mapa_3,Baja densidad y dispersión abierta,UCS,192,22261118,18,18,1.00000000,29,0,0,29
mapa_3,Baja densidad y dispersión abierta,A*,192,22261118,18,18,1.00000000,28,0,0,28
mapa_3,Baja densidad y dispersión abierta,IDA*,192,22261118,18,18,1.00000000,29,0,0,29
mapa_3,Baja densidad y dispersión abierta,GA,192,22261118,18,18,1.00000000,31,0,0,31
mapa_3,Baja densidad y dispersión abierta,BFS,193,22261119,18,18,1.00000000,24,0,0,24
mapa_3,Baja densidad y dispersión abierta,UCS,193,22261119,18,18,1.00000000,29,0,0,29
mapa_3,Baja densidad y dispersión abierta,A*,193,22261119,18,18,1.00000000,26,0,0,26
mapa_3,Baja densidad y dispersión abierta,IDA*,193,22261119,18,18,1.00000000,26,0,0,26
mapa_3,Baja densidad y dispersión abierta,GA,193,22261119,18,18,1.00000000,29,0,0,29
mapa_3,Baja densidad y dispersión abierta,BFS,194,22261120,18,18,1.00000000,27,0,0,27
mapa_3,Baja densidad y dispersión abierta,UCS,194,22261120,18,18,1.00000000,30,0,0,30
mapa_3,Baja densidad y dispersión abierta,A*,194,22261120,18,18,1.00000000,29,0,0,29
mapa_3,Baja densidad y dispersión abierta,IDA*,194,22261120,18,18,1.00000000,29,0,0,29
mapa_3,Baja densidad y dispersión abierta,GA,194,22261120,18,18,1.00000000,34,0,0,34
mapa_3,Baja densidad y dispersión abierta,BFS,195,22261121,18,18,1.00000000,26,0,0,26
mapa_3,Baja densidad y dispersión abierta,UCS,195,22261121,18,18,1.00000000,32,0,0,32
mapa_3,Baja densidad y dispersión abierta,A*,195,22261121,18,18,1.00000000,29,0,0,29
mapa_3,Baja densidad y dispersión abierta,IDA*,195,22261121,18,18,1.00000000,32,0,0,32
mapa_3,Baja densidad y dispersión abierta,GA,195,22261121,18,18,1.00000000,32,0,0,32
mapa_3,Baja densidad y dispersión abierta,BFS,196,22261122,18,18,1.00000000,25,0,0,25
mapa_3,Baja densidad y dispersión abierta,UCS,196,22261122,18,18,1.00000000,27,0,0,27
mapa_3,Baja densidad y dispersión abierta,A*,196,22261122,18,18,1.00000000,27,0,0,27
mapa_3,Baja densidad y dispersión abierta,IDA*,196,22261122,18,18,1.00000000,27,0,0,27
mapa_3,Baja densidad y dispersión abierta,GA,196,22261122,18,18,1.00000000,33,0,0,33
mapa_3,Baja densidad y dispersión abierta,BFS,197,22261123,18,18,1.00000000,26,0,0,26
mapa_3,Baja densidad y dispersión abierta,UCS,197,22261123,18,18,1.00000000,29,0,0,29
mapa_3,Baja densidad y dispersión abierta,A*,197,22261123,18,18,1.00000000,29,0,0,29
mapa_3,Baja densidad y dispersión abierta,IDA*,197,22261123,18,18,1.00000000,29,0,0,29
mapa_3,Baja densidad y dispersión abierta,GA,197,22261123,18,18,1.00000000,31,0,0,31
mapa_3,Baja densidad y dispersión abierta,BFS,198,22261124,18,18,1.00000000,25,0,0,25
mapa_3,Baja densidad y dispersión abierta,UCS,198,22261124,18,18,1.00000000,28,0,0,28
mapa_3,Baja densidad y dispersión abierta,A*,198,22261124,18,18,1.00000000,27,0,0,27
mapa_3,Baja densidad y dispersión abierta,IDA*,198,22261124,18,18,1.00000000,28,0,0,28
mapa_3,Baja densidad y dispersión abierta,GA,198,22261124,18,18,1.00000000,32,0,0,32
mapa_3,Baja densidad y dispersión abierta,BFS,199,22261125,18,18,1.00000000,27,0,0,27
mapa_3,Baja densidad y dispersión abierta,UCS,199,22261125,18,18,1.00000000,27,0,0,27
mapa_3,Baja densidad y dispersión abierta,A*,199,22261125,18,18,1.00000000,27,0,0,27
mapa_3,Baja densidad y dispersión abierta,IDA*,199,22261125,18,18,1.00000000,27,0,0,27
mapa_3,Baja densidad y dispersión abierta,GA,199,22261125,18,18,1.00000000,31,0,0,31
mapa_3,Baja densidad y dispersión abierta,BFS,200,22261126,18,18,1.00000000,26,0,0,26
mapa_3,Baja densidad y dispersión abierta,UCS,200,22261126,18,18,1.00000000,30,0,0,30
mapa_3,Baja densidad y dispersión abierta,A*,200,22261126,18,18,1.00000000,28,0,0,28
mapa_3,Baja densidad y dispersión abierta,IDA*,200,22261126,18,18,1.00000000,30,0,0,30
mapa_3,Baja densidad y dispersión abierta,GA,200,22261126,18,18,1.00000000,30,0,0,30
